conversation_id,conversation,cluster,intent,reason
1,"Customer: @115858 @AppleSupport @1542
Bug Alert! Upon selecting message option from call log only opens up msg app but not the chat for that num
Customer: @115858 @AppleSupport @1542 So one has to go back to call log. Click that message icon again and then a chat for that particular number opens up.
AppleSupport: @123491 Thanks for bringing this to our attention. Can you tell us which iOS version this is occurring on please?
Customer: @AppleSupport It has been happening since iOS 11 came out. I hoped that it would be fixed in further updates. I’m using iOS 11.1 now on iPhone 6s.
Customer: @AppleSupport Basically for a chat to be opened from call log, the message app should be opened/running in background. Otherwise, it takes twice.
AppleSupport: @123491 We'd like to take a closer look at what's happening. Send us a DM and we'll meet up with you there. https://t.co/GDrqU22YpT",0,MESSAGE_NOTIFICATION_PROBLEM,"Customers are reporting issues with receiving or displaying notifications for text messages and other apps, often citing specific iOS versions as the cause."
2,"AppleSupport: @450019 Let us know which iOS version you're running in DM, and we'll help: https://t.co/GDrqU22YpT",18,IOS_VERSION_INQUIRY,All conversations involve support agents requesting the customer's current iOS version and device model to begin troubleshooting.
3,"Customer: @AppleSupport Since High Sierra, 3 finger trackpad gestures do NOTHING. Enabled in System Preferences. 15"" mid 2014 unibody MacBook pro 2.5 GHz i7
AppleSupport: @669598 You came to the right place. We'll do what we can to get all your gestures working. Do two-finger gestures work without issue?
Customer: @AppleSupport Gestures of 2 fingers or fewer are ok!
AppleSupport: @669598 Have you tested this in multiple apps? Or is this happening in one app or Finder in particular?
Customer: @AppleSupport No success in any app. My primary use is the triple-down for App Exposé.
AppleSupport: @669598 Got it. Let's see if you are unable to use three finger gestures in a test user: https://t.co/yoThHdqdHe

Keep us posted.",17,MACBOOK_GENERAL_ISSUE,"All conversations involve customers reporting unspecified technical problems or malfunctions with their Mac or MacBook devices, prompting support to request further details via DM."
4,"Customer: I hate @AppleSupport so much! Won't let me install the new iOS so I can get a new phone... 🙄🙄
AppleSupport: @533557 To clarify, are you getting an error when you attempt to install? We'd like to know more to help. DM us and we'll continue. https://t.co/GDrqU22YpT",10,IOS_UPDATE_PROBLEM,"All customers are reporting issues, bugs, or dissatisfaction specifically related to recent iOS software updates on their devices."
5,"Customer: @AppleSupport I broke my iPhone 7+ camera lens! How much will it me to fix it?!
AppleSupport: @570598 Let's look into your options so you can take great pics again. Please send us a DM with the current country you're in. https://t.co/GDrqU22YpT",7,PHOTOS_DISAPPEARED,"Customers are reporting that their photos have vanished, are missing, or are not loading from their device's camera roll or photo library."
6,"AppleSupport: @343068 Hey, we can look into this together. Which device are you using and what's the iOS device?
Customer: @AppleSupport I have the iPhone 7 Plus and it is iOS 11.0.3
AppleSupport: @343068 With Live Photos turned off in the Camera app, Settings &gt; Camera &gt; Preserve Settings. That'll keep it off.
Customer: @AppleSupport I have already tried that, but I will try it again.
AppleSupport: @343068 Perfect. Please let us know how it goes.
Customer: @AppleSupport My Live Photo’s are still continuing to turn itself back on.
AppleSupport: @343068 We appreciate the update. Let's continue in DM together to look into this further: https://t.co/GDrqU22YpT",7,PHOTOS_DISAPPEARED,"Customers are reporting that their photos have vanished, are missing, or are not loading from their device's camera roll or photo library."
7,"Customer: HELP! my iphone 5 updated last night and now it has a mind of it's own and randomly sends messages or tweets mid typing. What do I do. #help #apple #iphone @AppleSupport
AppleSupport: @744415 We'd like to look into what's happening with your iPhone 5. Which update was installed? This is available in Settings &gt; General &gt; About. It sounds like the issue may be with the keyboard, have you noticed any issues when typing in Notes or Safari?
Customer: @AppleSupport It says software is up-to date iOS 10.3.3
I didn't do it when I sent an email, and I haven't yet tried safari.
And yes the keyboard is going crazy, not just sending but adding letters I didn't type, and I will press delete and it types something else
AppleSupport: @744415 Got it. Any updates for apps in the App Store &gt; Updates? This ensures Twitter doesn't have an update available.
Customer: @AppleSupport It's the whole touch phone. I have just had trouble putting min pin in, or even swiping to shut down.
AppleSupport: @744415 Okay, thanks. Do you have a case or screen protector on the phone?
Customer: @AppleSupport Yes it was placed on by apple. 
Sometimes its working fine and others its just going crazy
AppleSupport: @744415 Understood. We'll want to test without the case or screen protector. DM us with the results. https://t.co/GDrqU22YpT",0,MESSAGE_NOTIFICATION_PROBLEM,"Customers are reporting issues with receiving or displaying notifications for text messages and other apps, often citing specific iOS versions as the cause."
8,"Customer: This is so bad @AppleSupport ! #Siri should be able to greet ""good morning"".. this is quite basic! Why didn't you teach wishing ""good morning"" ??? https://t.co/orKtoFfZZv
AppleSupport: @821253 That's curious. Let's check it out. Can you tell us the iPhone model and iOS version of the device? Let's get started in DM. https://t.co/GDrqU22YpT
Customer: @AppleSupport Thanks for the reply.. Have messaged you! Its a MacBook",1,IPHONE_HARDWARE_FAILURE,"Customers are reporting that their iPhones are not working, have crashed, or have hardware defects, and are requesting repairs, replacements, or refunds."
9,"Customer: what is happening to my phone 6s? i have been using it for an hour and then suddenly all apps kick me out when i use them. @AppleSupport @115858
AppleSupport: @237475 We'd love to help out. Do you know what version of the iOS is on the device?  If not, you can check under Settings &gt; General &gt; About &gt; Version. 

Also, are you getting any error messages?
Customer: @AppleSupport The latest os 11.1.2. No errors, just black screen and a loading icon then i am back to the home page. I tried installing the apps after deleting them and restarted the device a few times. The same thing happened even when i use data and turned off wifi.
Customer: @AppleSupport My problem was on 40% when the problem started. I turned off the device for about 15 mins, and now that it is on, the problem has not occured again. I am using the phone right now. What could be the cause of this issue?
Customer: @AppleSupport Wait, i meant the battery was at 40%.
AppleSupport: @237475 We'd like to look into this further. Could you Direct Message us and let us know what country you're located in? https://t.co/GDrqU22YpT",5,IOS_11_FREEZE_PROBLEM,"All customers report that their iPhones are freezing, crashing, or becoming unresponsive specifically after updating to iOS 11."
10,"Customer: Heads up if anyone gets this email it’s a scam @AppleSupport @115858 https://t.co/1IorxRKm87
AppleSupport: @670600 We have a great resource on how to avoid and report emails like this:  https://t.co/LNMCdqt6fD",8,REQUEST_HUMAN_CONTACT,"Customers are primarily seeking direct communication channels, such as phone numbers or emails, to speak with a representative or escalate their issues."
11,"Customer: WHY IS MY “I️” SHOWING UP AS A QUESTION MARK IN A BOX???? Grrrrrrr @AppleSupport
AppleSupport: @477121 Can you let us know in DM when and where this is happening? We'll follow up with you there. https://t.co/GDrqU22YpT",15,KEYBOARD_TYPING_GLITCH,Customers are reporting a specific bug where typing the letter 'I' results in incorrect characters or formatting issues on their devices.
12,"Customer: My voicemail keeps saying it’s full but I have no messages @AppleSupport ... help!
AppleSupport: @201998 We are here for you.  Have you restarted since you got the “full “ message?  
https://t.co/OWRDHWSt4h
Customer: @AppleSupport @4150 yes I have
AppleSupport: @201998 Thanks.  Which iPhone and iOS version are you using?
Customer: @AppleSupport iPhone 6s Plus. I have the IOS 11.0.2
AppleSupport: @201998 Thanks.  Please update to iOS 11.0.3.  With any change to your iPhone, we recommend making sure you have a current backup.
Customer: @AppleSupport will do",0,MESSAGE_NOTIFICATION_PROBLEM,"Customers are reporting issues with receiving or displaying notifications for text messages and other apps, often citing specific iOS versions as the cause."
13,"Customer: Dear @115858 , why is my #iPhoneX in South Korea? 🧐 @AppleSupport
Customer: @115858 @AppleSupport  https://t.co/Yt96EuyiGB
AppleSupport: @470673  We'd like to help.  What country are you located in?  Let's meet in DM to continue. https://t.co/GDrqU22YpT",1,IPHONE_HARDWARE_FAILURE,"Customers are reporting that their iPhones are not working, have crashed, or have hardware defects, and are requesting repairs, replacements, or refunds."
14,"Customer: why are the i’s broken? @AppleSupport
AppleSupport: @462523 We're here for you. DM us the version of the iOS you're running using the link below to get started. https://t.co/GDrqU22YpT",18,IOS_VERSION_INQUIRY,All conversations involve support agents requesting the customer's current iOS version and device model to begin troubleshooting.
15,"Customer: @AppleSupport how do we fix the I auto correct? https://t.co/BMGqvzXgOO
AppleSupport: @490085 We’d love to help. Here is a helpful link. https://t.co/xU1AGHStV6",15,KEYBOARD_TYPING_GLITCH,Customers are reporting a specific bug where typing the letter 'I' results in incorrect characters or formatting issues on their devices.
16,"Customer: So I updated my phone and still see question marks when Pple use the letter “I” Apple I want my fade !!!!!!! @AppleSupport https://t.co/yql2JwTYKm
AppleSupport: @594310 We’re here for you. Try this: https://t.co/xU1AGHStV6 Should it persist, send us a DM to discuss it further. https://t.co/GDrqU22YpT",15,KEYBOARD_TYPING_GLITCH,Customers are reporting a specific bug where typing the letter 'I' results in incorrect characters or formatting issues on their devices.
17,"AppleSupport: @730700 Let's take a look at this. Which type of iPhone is this on and which version of the iOS is currently installed?
Customer: @AppleSupport iPhone 7 iOS 11.1.2
AppleSupport: @730700 Have you recently been disconnected from Wi-Fi network? Does it persist even after a restart?
Customer: @AppleSupport I am on wifi, and it does not persist after a restart. But always comes back at some point
AppleSupport: @730700 Does the Wi-Fi icon appear on the left side of the menu bar when connected? When did you notice this started happening?
Customer: @AppleSupport Wifi icon does appear and it has been happening for two weeks
AppleSupport: @730700 From the screenshot we see that you're connected to cellular data LTE, with 1 bar. Does this happen in multiple locations? Respond to us in DM by clicking on the link below. We'll continue there. https://t.co/GDrqU22YpT",14,IOS_11_WIFI_BEHAVIOR,Customers are reporting that Wi-Fi and Bluetooth automatically reconnect or turn back on after being disabled in the Control Center following the iOS 11 update.
18,"Customer: Bienvenida sea la multi tarea al 3D touch en iphone, gracias @AppleSupport  #newupdate
AppleSupport: @117646 We offer support via Twitter in English. Get help in Spanish here: https://t.co/IBIY3vMgPj or join https://t.co/OczyRx7IOs
Customer: @AppleSupport Thank you so much im just happy about the release of the new update and the 3D touch multitask is back again!",6,REQUEST_HUMAN_SUPPORT,"Customers are explicitly asking for help, contact, or assistance from a human agent, often expressing frustration with automated responses or seeking to escalate their issue."
19,"Customer: @AppleSupport Hi guys, I have Apple 6 iPhone after the iOS updates even the latest, the keypad does not work i can't use the extreme right and left alphabets and I can't use the numbers and special characters how do I fix this.
AppleSupport: @743884 That can certainly make it difficult for you to communicate. Let's get this figured out. First, can you tell us the exact iOS version currently installed? Also, does this happen in all apps or only in certain ones?
Customer: @AppleSupport iOS updated was 11.1.2 it happens in all the apps so even this reply i am doing it from desk top computer since i can't type in the numbers and special characters
AppleSupport: @743884 Got it. Does the issue persist even after a restart? If so, DM us the country you're located in and we'll continue there. https://t.co/GDrqU22YpT",15,KEYBOARD_TYPING_GLITCH,Customers are reporting a specific bug where typing the letter 'I' results in incorrect characters or formatting issues on their devices.
20,"Customer: Starting this morning I️ suddenly have been afflicted with this fucking .@AppleSupport bug where my I’s are glitching. What is the deal? Where is the fix? Why now? https://t.co/fgermIw21W
AppleSupport: @576966 Thanks for reaching out again. Which specific iOS version are you using currently?
Customer: @AppleSupport 11.0.3– I️ see I️ have a notification to update the software which I️ can do tonight. It’s odd this glitch just came out of nowhere today.
AppleSupport: @576966 We recently released iOS 11.1.2, so let’s go ahead and upgrade to that latest version, then let us know how things go from there. This article will guide you: https://t.co/80YRnjDFDk",9,IOS_11_BUG_REPORT,"Customers are reporting specific issues with iOS 11, and support agents are verifying the exact software version to determine if a recent update resolves the problem."
21,"Customer: @AppleSupport What is going on with my iPhone? Crashed three times today with your bloody software update. Please fix it!!!!
AppleSupport: @431487 Thanks for reaching out to us. We are always happy to help. Send us a DM so we can look into this together. https://t.co/GDrqU22YpT",13,IPHONE_GENERAL_ISSUE,"All conversations involve customers reporting unspecified problems with their iPhones, prompting support to request general details like device model and iOS version to diagnose the issue."
22,"Customer: Hey @AppleSupport why won’t it let me install the update? I’ve tried everything https://t.co/9bMIiczxhV
AppleSupport: @566673 If this article doesn't help: https://t.co/Ui1yTnOCUz Send us a DM and let us know the country you're in. https://t.co/GDrqU22YpT",10,IOS_UPDATE_PROBLEM,"All customers are reporting issues, bugs, or dissatisfaction specifically related to recent iOS software updates on their devices."
23,"Customer: @AppleSupport @115858 FIX THE FUCKING BOX
AppleSupport: @513284 Here’s what you can do to work around the issue until it’s fixed in a future software update: https://t.co/qODbOsp4wz",2,SOFTWARE_BUG_WORKAROUND,Customers are seeking temporary solutions for known software issues that are scheduled to be fixed in future updates.
24,"AppleSupport: @253304 Hi. We are here to help. To get started, what is your current iOS version? Go to Settings &gt; General &gt; About for that. Also, what happens when you attempt to send a message and what happens when someone calls you? Are there any error messages? Thanks
Customer: @AppleSupport The version is 10.2 When someone calls me it is saying ""the subscriber you are trying to reach can not be reached"" and when I send a text as iMessage it doesn't deliver it will just float above the last message that delivered.
AppleSupport: @253304 Thanks for providing that for us. Have you tried contacting your carrier about this issue?",0,MESSAGE_NOTIFICATION_PROBLEM,"Customers are reporting issues with receiving or displaying notifications for text messages and other apps, often citing specific iOS versions as the cause."
25,"Customer: @AppleSupport I️ don’t like this. How do I️ fix it?
AppleSupport: @711210 We've got an update to iOS that solves that issue with the letter ""i"". Backup with these steps here: https://t.co/4f8hwT5to6, then check to see if you are on iOS 11.1.1 at Settings &gt; General &gt; About. If you aren't, update and let us know if that still happens. https://t.co/GDrqU22YpT
Customer: @AppleSupport I appreciate it!
AppleSupport: @711210 No problem! We're happy to help.",15,KEYBOARD_TYPING_GLITCH,Customers are reporting a specific bug where typing the letter 'I' results in incorrect characters or formatting issues on their devices.
26,"AppleSupport: @168624 We'd like to help. What's happening when you try to use the Music app on your iPhone? https://t.co/GDrqU22YpT
Customer: @AppleSupport When I open the app it is unresponsive. It occasionally will respond for a few seconds before it jams again. It also closes itself. I had full 4g and everything else on the phone was working fine.
Customer: @AppleSupport I can't even cancel my subscription and leave because the app is non responsive. Over 2 years of @115888 and never had a problem. Why oh why did I think it was a good idea to try apple music 🙄
AppleSupport: @168624 Got it, that sounds like something we can help you fix. Can you tell us what iOS version you have installed? To check, go to Settings &gt; General &gt; About.
Customer: @AppleSupport 11.1.1
Customer: @AppleSupport Just upgrading to 11.1.2
AppleSupport: @168624 Let us know if updating to 11.1.2 helps and we'll continue from there.",5,IOS_11_FREEZE_PROBLEM,"All customers report that their iPhones are freezing, crashing, or becoming unresponsive specifically after updating to iOS 11."
27,"Customer: Sinds dat nieuwe iOS valt 4G telkens uit. En traag heel traag. En nummerherkenning weigert. Wat te doen, @AppleSupport
AppleSupport: @353056 We offer support via Twitter in English. Contact us for help in your preferred language here: https://t.co/IBIY3vMgPj",6,REQUEST_HUMAN_SUPPORT,"Customers are explicitly asking for help, contact, or assistance from a human agent, often expressing frustration with automated responses or seeking to escalate their issue."
28,"Customer: After update #ios1103 no spotify on my lock screen?@AppleSupport
AppleSupport: @115870 Thanks for reaching out to us. Are you experiencing the missing app after restating your device?
Customer: @AppleSupport The app is still there. But no longer able to control it from the lockscreen.
AppleSupport: @115870 Just to confirm, this is only happening with Spotify, correct?
Customer: @AppleSupport Yes!
Customer: @AppleSupport I can not find an option to get it there. It was just always there when playing.
AppleSupport: @115870 DM us the specific iOS version you are running currently and we'll continue there. https://t.co/GDrqU22YpT",10,IOS_UPDATE_PROBLEM,"All customers are reporting issues, bugs, or dissatisfaction specifically related to recent iOS software updates on their devices."
29,AppleSupport: @461838 We're happy to help take a closer look. Please DM us and we can go from there together. https://t.co/GDrqU22YpT,4,INITIAL_SUPPORT_INQUIRY,All conversations consist of automated responses acknowledging a customer's initial public contact and directing them to private direct messages for further assistance.
30,"AppleSupport: Updated your #iPad to iOS 11? Here's a look at the new Control Center and App Switcher.

Learn more: https://t.co/I8S8tdA4ZP https://t.co/enQf8rktyS
Customer: @AppleSupport I lost hundreds of dollars in Movies because of this stupid update. 

Anyone want to buy a MacBook, Apple TV, iPad, iPhone and iWatch?
Customer: @AppleSupport Ur iPhone X is a major failure. As well as your so called new iPad update. Highly disappointing.
Customer: @AppleSupport I can't not update iOS 11
Customer: @AppleSupport Fix the goddamn battery issues with iOS 11 holy shit. I easily got 8-9 hours on iOS 10 but on iOS 11 I can barely get 4 hours with the same usage, same settings, etc. Worst update yet.
Customer: @AppleSupport Pls fix bugs and battery drain issue on iPhone 5s ios11.1.1
Customer: @AppleSupport This new update DISCONNECTS MY INTERNET
Customer: @AppleSupport Battery is shite on iPhone 7 iOS 11.1.1 100% to 33% in 4 hours 😂
Customer: @AppleSupport Can i backup my iphone to ios 11 ?
Customer: @AppleSupport Do you have iOS 11 for IPad mini?
Customer: @AppleSupport Fix the damn bugs. I went from 10.3.3 to 11.1 and it’s still buggy and slow.
Customer: @AppleSupport I own 3 devices that do not work after IOS update, solved the problem quickly because all my work in the phone ,
AppleSupport: @439417 Thanks for reaching out to us. We'd like to help you and look into this further. Please DM us to continue working on this. https://t.co/GDrqU22YpT
AppleSupport: @668825 We'd like to help! Which device are you trying to update? And, what's the current iOS version? You can check by navigating to Settings &gt; General &gt; About: https://t.co/ZTw54HL4Rm
AppleSupport: @668823 We'd like to help. What seems to be going on? DM us here: https://t.co/GDrqU22YpT
AppleSupport: @192069 Hi there! Thanks for reaching out. We'll continue from your message in DM with you. https://t.co/GDrqU22YpT
AppleSupport: @666619 We’re here to help. Let’s team up in DM and we’ll do our best to assist you. https://t.co/GDrqU22YpT
AppleSupport: @666606 We're happy to help. Tell us more about the internet issues you're experiencing via DM. We'll go from there. https://t.co/GDrqU22YpT
AppleSupport: @666700 We're here to help. Let's take this to DM so we can better assist you. https://t.co/GDrqU22YpT
AppleSupport: @666687 Thanks for reaching out to us. For help with backing up your device, use this article here: https://t.co/4f8hwT5to6
AppleSupport: @666679 Great question. We're here to help you. Check out this link and scroll down to where it says 'iOS 11 is compatible with these devices.': https://t.co/LVMJqqcDhs
This includes some generations of the iPad Mini. DM us any other questions: https://t.co/GDrqU22YpT
AppleSupport: @666677 We're here to help. What device are you using? Are you experiencing this while using a certain application or feature? 

Just so we understand better, this has been happening since iOS 10.3.3. Sound about right?
AppleSupport: @135204 That's not the experience we want you to have. To start, can you tell us a bit more about what you're experiencing with your devices? Use the DM link below to send some details, and we'll see how we can help. https://t.co/GDrqU22YpT
Customer: @AppleSupport Thank you 😊
Customer: @AppleSupport I think this is a global problem, because I read a lot of comments about it on Twitter and websites, I've been using iPhone for 10 years, and I know how to put iPhone in DFU mode, The problem is that I do not have a backup, and I do not want to lose a date on iPhone , https://t.co/WqknUKB2RF
Customer: @AppleSupport No, iOS 10.3.3 was silky smooth, no bugs. iOS 11 is a buggy, performance ridden mess and people who have updated hate it. If possible, relay to @115858 or just the iOS devs that I’m gonna switch to Google if the bugs and performance issues aren’t fixed. My device is an iPhone SE.
Customer: @AppleSupport I fixed my iPhone 6 and my sis’s iPhone 7, and I lost all the new numbers and because my Iphone did not appear in the iTunes application ,and I did not take a backup in iCloud , 

IPhone 6: restore to iOS 11.1.1 
IPhone 7 : restore to iOS 11.0.3 

Plz Make sure the system works https://t.co/bwkJ3R82Pd
Customer: @AppleSupport To your knowledge my brother also called me two hours ago, said the phone does not work after the logo of the apple, Also updated the system for iOS 11
All Arab ppl had this problems , Even after the new update (ios11.1/ios11.1.1)
Just I can say for u thanks apple for this update https://t.co/sLV8PsH4p7
Customer: @AppleSupport This is my brother, and the phone does not work after Apple logo, it has iPhone 8, my brother speaks Arabic and you did not understand him, but I told you about the problem and I hope to solve it as soon as possible,

Just hear the sound of charging, does not work https://t.co/Z8CcINcGvc
Customer: @AppleSupport Just updated my Mac to OS High Sierra a couple days ago, however it has yet to accept my Watch 3 to unlock the MB Air (it doesn’t show in a System Prefs&gt;Security &amp; Privacy. Any idea when an update on that is coming? Thank you.
AppleSupport: @135204 Go ahead and DM us which iPhone you're experiencing this on, and we'll continue there. You can use the link below to reach us via DM: https://t.co/GDrqU22YpT
AppleSupport: @666677 That's certainly not the experience we want for our iOS users to have, and we'd like to help. To continue, send us a Direct Message. https://t.co/GDrqU22YpT
Customer: @AppleSupport Wha? Dude just let @115858 know that people hate iOS 11. It’s not that hard lol. The adoption rate is way lower than last year anyway. Nothing can fix this until the iOS devs get their crap together and iron out the bugs and performance issues.
Customer: @AppleSupport @116333
Tim, I want to ask you, is there anyone with you working in Jailbreak, I think he tried to make all the devices infected Jailbreak but did not succeed in this, for this our iPhones do not work, this is the best joking you recognize today.Rest3 iPhone with all lost data
AppleSupport: @668885 Thanks for reaching out and we'd like to check into this with you. Review the following article to make sure you meet the requirements for this and let us know if you're still unable to use your Apple Watch to unlock: https://t.co/MQdkNOBC7a
Customer: @AppleSupport Control Center does not work!!! When I disable WiFi, the radio remaions on. I have to go to Settings for turning it off #grrr
AppleSupport: @669332 We're glad you reached out. In iOS 11 the Bluetooth and Wi-Fi controls in Control Center will disconnect from their active connections. You would turn them off in settings: https://t.co/G7BHuQnDS6
Customer: @AppleSupport It’ll be nice if the swipe up feature takes us to home and holding it halfway to the app switcher and control center. Just like the iPhone X.
AppleSupport: @669692 Thank you for reaching out. We encourage you to leave feedback about this feature by going to https://t.co/aXEtn6UIwx
Customer: @AppleSupport Why is my little sister able to unlock my phone with facial recognition???? She’s 9 years younger than me, we don’t look EXACTLY the same! We have different features yet she’s able to unlock my phone. Whyyyyyy Apple???????
AppleSupport: @670005 We've got your DM and will continue there.
Customer: @AppleSupport @670005 🤔🤔 https://t.co/piie6DV8S8
Customer: @AppleSupport With new update my iphone 7 battery draining very quickly.Is it a hardware issue?@AppleSupport
Customer: @AppleSupport There is nothing to assist me with... iOS 11’s battery optimisation is shit and that’s all there is to it. Background App Refresh and Raise to Wake are off, 95% of the day at lowest brightness, barely any data usage... and I get 4-5 hours of usage. With data enabled I get like 3.
AppleSupport: @245530 Battery life is very important. We want to ensure that you're getting the most out of yours. Here's how: https://t.co/bivpdfBNJ6
Customer: @AppleSupport Upgraded my iPhone 7+ and now my camera won’t work!  Getting ready to go back to Android. This is ridiculous!
Customer: @AppleSupport @245530 Another standard reply from apple which fir for nothing.
Customer: @AppleSupport @666679 Great question, dont even think of updating ios11. Your device will behave like a piece of crap
Customer: @AppleSupport @668823 Its simple, what sucks is your standardized replies and your shit based ios11
Customer: @AppleSupport @670005 The DM is a standard reply with no fixes for ios11, road to failure
Customer: @AppleSupport This isn’t helping battery life...before update it was ok but now it is pathetic.
Customer: @AppleSupport I have an iPad 4 and last update was iOS 10.3.3 Thank you
AppleSupport: @678362 We want to help. Is your camera not working in a specific app or not working in any apps?
AppleSupport: @245530 We'd like to look into this further. Join us in DM here: https://t.co/GDrqU22YpT
AppleSupport: @668825 Thanks for confirming! In that case, your iPad is already updated to the latest compatible version of iOS for your device. We'd like to share this guide with a list of devices compatible with iOS 11: https://t.co/21Atv9dVW2
Customer: @AppleSupport Thanks a lot for helping and for you support.
Customer: @AppleSupport Updated yesterday now I can’t open any of my documents in the Pages app 😳
AppleSupport: @250021 We want to make sure this gets fixed for you! Talk with our Pages experts here:  https://t.co/IBIY3vMgPj
Customer: @AppleSupport My iPad hasn't had an update since iOS 9.3.5 but then again it is pretty old. I think it's like a 3rd or 4th generation.
Customer: @AppleSupport it’d be great if my phone would actually work with an aux cord with the adapter, not run out of battery within 3-4 hours, and if it didnt goddamn boot-loop for an hour or longer, overall, very pissed with ios 11 in general.
AppleSupport: @690115 Hey there. If you send us a DM we'd be happy to tell you the latest iOS version available on your device. https://t.co/GDrqU22YpT
AppleSupport: @691101 If you're experiencing issues with your iPhone, we can work together to see what's going on. DM us the exact iOS version, and we'll continue from there. https://t.co/GDrqU22YpT
Customer: @AppleSupport Min mau nanya nih kenapa semenjak ganti ke ios 11.1.1 kok menu sinyal dan batre kadang2 jadi suka ngilang dengan sendirinya dan kalau sudah ngilang harus di restart ulang lagi kaya contoh digambar min . Mohon pencerahannya min https://t.co/KpW7cyunrx
AppleSupport: @285473 We offer support via Twitter in English. Contact us for help in your preferred language here: https://t.co/IBIY3vMgPj
Customer: @AppleSupport IPhone and iPad stop running because of the latest update should solve the problem 😤 https://t.co/ao4SxkVwPN
AppleSupport: @600044 We want to help with your iPhone and iPad. Take a look at the following article. It's got the steps you'll want to take to resolve this issue and using your iOS devices again: https://t.co/H7w57rsYVQ

If you continue to have issues after that, DM us. We'll help there. https://t.co/GDrqU22YpT
Customer: @AppleSupport Iphone6 ios 11.1.1 Touch ID not able to use, camera freezes, phone sometimes freezes on locked screen, camera freezes.
AppleSupport: @694699 We'd be glad to take a look at this with you. To do so, and to preserve your privacy, we'd like to have you meet us in DM. Thanks! https://t.co/GDrqU22YpT
Customer: @AppleSupport iOS update 11.1 is a mess ...phone stuck on Apple log and battery life is shorter than before ..what is going on with Apple are they happy with this?when they will fix this mess? #appl
Customer: @AppleSupport I done the latest update yesterday and literally the battery life on my phone since is ridiculous! Is there anything I can do, otherwise will be charging it up at least 2/3 a day
AppleSupport: @708172 We want you to be able to use your iPhone as expected after updating. Is your iPhone currently stuck on the Apple logo? Please let us know in DM. https://t.co/GDrqU22YpT
AppleSupport: @710083 Thanks for reaching out to us. We are always happy to help. Send us a DM so we can look into this issue with you there. https://t.co/GDrqU22YpT
Customer: @AppleSupport the worst iOS at all my iphone 7 system stuck on apple screen and not work and i restore it 2 times in 3 days all of this because of 11.1.1 stubbed system
mybe apple end when steve die
AppleSupport: @711895 We can check into your available options. Meet us in DM with your location (country), please. https://t.co/GDrqU22YpT
Customer: @AppleSupport WTF APPLE. Touch screen? Glitching. Calling? Nope. Texting? Glitching. Stop extorting money out of us &amp; ruining environment in process
AppleSupport: @718902 We want your device to run efficiently. We're here to assist. Please meet us in DM and we'll work towards a resolution together. https://t.co/GDrqU22YpT
Customer: @AppleSupport Thank you - have messaged. Leaving my original post as this seems to be a widespread issue for anyone in existing device+new iOS.
Customer: @AppleSupport Who's responsible for the data we lost!
When the iPhone stuck because of your iOS11 😡 

Even when we updated it to 11.1.1 it stuck again!! 

What can we do about that!!!
AppleSupport: @725346 Hello. We want to help. Please tell us more about what you experienced with data loss when you updated your phone.
Customer: @AppleSupport I was updated my phone before few days, I lost everything that day when my iPhone stuck. It stuck on lock screen when I enter the passcode. I can access to the camera and photos only.
I restored my iPhone and restored the final backup
AppleSupport: @725346 You mentioned restoring your iPhone. Was your data included in your backup?
Customer: @AppleSupport I lost date for that day only!
AppleSupport: @725346 Thanks. DM us if everything is working as expected now and we'll look into this further with you there. https://t.co/GDrqU22YpT
Customer: @AppleSupport I can not understand what is written because it is in English and I can not convert the language into standard Arabic.
AppleSupport: @600044 We offer support via Twitter in English. Contact us for help in your preferred language here: https://t.co/IBIY3w3RGR
Customer: @AppleSupport Are you lot politicians? Answer the question not divert me to a help yourself link bollocks",3,IOS_11_BATTERY_DRAIN,"All customers report significant battery life degradation or rapid draining specifically after updating to iOS 11, requesting a fix or troubleshooting assistance."
31,"Customer: @AppleSupport how do I put iOS 10 back on my phone temporarily?
AppleSupport: @332479 Thanks for reaching out. While we cannot help you revert back to iOS 10, we can help you troubleshoot your device running iOS 11
Customer: @AppleSupport One of my apps doesn’t support iOS 10 so I need to go back",10,IOS_UPDATE_PROBLEM,"All customers are reporting issues, bugs, or dissatisfaction specifically related to recent iOS software updates on their devices."
32,"Customer: @applesupport Yo. Where’s my email?
AppleSupport: @432116 We can help get this sorted out. Is this in reference to an iPhone X preorder?
Customer: @AppleSupport Yes.
Customer: @AppleSupport I sent you a message.
AppleSupport: @432116 We've got your DM's and we look forward to working with you there.",8,REQUEST_HUMAN_CONTACT,"Customers are primarily seeking direct communication channels, such as phone numbers or emails, to speak with a representative or escalate their issues."
33,"Customer: @116333 where is my precious X reserved before his official release. I am waiting for an answer please @AppleSupport @484568
AppleSupport: @667319 Thank you for reaching out to us. We'll be glad to look into this. Did you purchase the iPhone X from Apple? Which country are you located in?
Customer: @AppleSupport I am in France, I preorder the iphone x in Boulanger stores !
AppleSupport: @667319 Send us a DM to continue. https://t.co/GDrqU22YpT
Customer: @667319 @AppleSupport Me too and nothing",1,IPHONE_HARDWARE_FAILURE,"Customers are reporting that their iPhones are not working, have crashed, or have hardware defects, and are requesting repairs, replacements, or refunds."
34,"Customer: @AppleSupport I keep getting this error message for about half the songs I try to play on @115948 what do I do? Thanks! https://t.co/MPGLNlA72u
AppleSupport: @142507 We'll do all we can to help out. Are these songs that were downloaded to the device for offline play or are they added to your iCloud Music Library for streaming? Has there been any change in the iTunes Store region or are you not currently physically in that region?
Customer: @AppleSupport Thanks so much for getting back to me so quickly. I was streaming them via WiFi and mobile data. No changes to store or region as far as I know
AppleSupport: @142507 We're trying to find the common thread. Are you able, for example, to play some songs from an album but not all of them? Does this persist after you've rebooted the device?
Customer: @AppleSupport Thanks again. I can play some songs from the album but not certain ones. It’s the same on a few different albums with the same error message. Restarting my phone hasn’t fixed it
AppleSupport: @142507 We want to make sure we don't advise any steps that might result in downloaded songs being deleted. Try going to Settings &gt; [your name] &gt; iCloud and sign out. Then reboot, sign back in and try one of the same songs.
Customer: @AppleSupport Thanks. I’ve done those steps and still not responded the problem
AppleSupport: @142507 Are you able to try on a different Wi-Fi network? Let us know in DM. https://t.co/GDrqU22YpT",12,APPLE_MUSIC_PROBLEM,"All conversations involve customers reporting that the Apple Music service or app is not functioning correctly, prompting support to investigate specific technical issues."
35,"AppleSupport: Seamlessly set up your new #iPhoneX, just by holding it near a device you already own. Here's how, with Automatic Setup in iOS 11. https://t.co/aWk5ExytMJ
Customer: @AppleSupport Stuck on Activation screen with no indication of when I can proceed...
Customer: @AppleSupport Except when your brand new iPhoneX tells you it can not be activated because the activation server is temporarily unavailable...for 90 min
Customer: @AppleSupport Would we do this prior to contacting our current carrier to activate the new device?
Customer: @AppleSupport Letter eye shows up as a weird symbol when referring to myself. To get the right letter I️ have to look for it on the correction bar
Customer: @AppleSupport this is cool ... do i need a sim-card for each iPhone for that process?
Customer: @AppleSupport Solve your activation server issues please, thank you.
Customer: @AppleSupport Your activation servers are down. Not very seamless...
Customer: @AppleSupport Fix activation servers please. https://t.co/R6CVLqz3kL
Customer: @AppleSupport Wish I could seamlessly activate my phone
Customer: @AppleSupport Been trying to activate for the last 2 hours!
Customer: @AppleSupport After iOS11.1 update... Still... #iPhone7 camera “seamlessly” not working☹️ #makeiPhonegreatagain https://t.co/C6myS8pTYE
Customer: @AppleSupport IOS 11.1 se come la batería en iPhone 6. NO ACTUALICÉIS!!! No vuelvo a comprar iPhone en mi vida
Customer: @AppleSupport but it doesn’t work and I can’t activate my phone...
Customer: @AppleSupport ha NOT IF YOUR ACTIVATION SERVERS ARE DOWN
Customer: @AppleSupport when performing these steps, the new iPhone says activation server is temporarily unavailable
Customer: @AppleSupport 1hr and still unable to connect to server for activation. ☹️ #verizonwireless
Customer: @AppleSupport So seamless! https://t.co/Rw5kqIMDiJ
Customer: @AppleSupport I would love too if the activation servers weren’t down!
Customer: @AppleSupport Wish this we’re true!  Been trying for hours! https://t.co/HZbQMM6STe
Customer: @AppleSupport It's not so seamless if you can't activate the phone!
Customer: @AppleSupport definitely not working for me like that...""device unknown""
AppleSupport: @473177 We'd like to help. What's the exact message that you're seeing on the screen?
AppleSupport: @591906 We hope the iPhone X was able to get activated for you. If you're still experiencing the issue, please send a DM; we'll help. https://t.co/GDrqU22YpT
AppleSupport: @240351 Excellent question! You'll be able to activate your device after Automatic Setup: https://t.co/sUXKU2rI5S
AppleSupport: @473721 Thanks for letting us know. Please DM us, and we'll take a closer look into this. https://t.co/GDrqU22YpT
AppleSupport: @473720 Great question! You wouldn't need a SIM card in each device, just as long as the previous device was activated before.
Customer: @AppleSupport There is some option to download without this limitation, I thought it was part of the past https://t.co/uzLvo4Pnzx
Customer: @AppleSupport How do I️ make my phone stop adding “A ?” when I️ type “I️”.
AppleSupport: @474161 We'd like to help. Can you tell us which device this is happening on?
Customer: @AppleSupport But it won’t even activate https://t.co/YbLV8zgVHy
Customer: @AppleSupport Please let us downgrade back to ios 10.3.3 for iphone 6 users. My iphone lags way too much.. it’s unbearable!!!:(
AppleSupport: @592185 Congrats on the iPhone X! We apologize for the delay &amp; appreciate your patience. Please try activation again &amp; advise if successful. https://t.co/GDrqU22YpT
AppleSupport: @592185 We're happy you reached out about this issue. We want to ensure your iPhone gets activated. DM us and we can help. https://t.co/GDrqU22YpT
Customer: @AppleSupport Will this activate my new iPhone and transfer my number or do I still need to use Verizon
AppleSupport: @356750 Please complete the steps shown in the following article, and DM us if you still cannot active it: https://t.co/ywHIZGN4Ac https://t.co/GDrqU22YpT
Customer: @AppleSupport Got it working. Those steps don’t work though when your servers are broken
AppleSupport: @592252 Hi Artie! Check out the steps in this article for troubleshooting this issue, and DM us any questions: https://t.co/ywHIZGN4Ac https://t.co/GDrqU22YpT
AppleSupport: @477930 We offer support via Twitter in English. Get help in Spanish here: https://t.co/IBIY3vMgPj or join https://t.co/OczyRx7IOs
AppleSupport: @321299 Let's dive into this issue together. Please send us a DM and we'll get started. https://t.co/GDrqU22YpT
AppleSupport: @478105 We'd love to help with this. We've received your DM and will work with you from there.
AppleSupport: @7403 iPhone X is exciting, and our activation servers know it! We appreciate your patience. Keep trying: https://t.co/ywHIZGN4Ac
AppleSupport: @473923 Congrats on the new iPhone X! Follow the steps here to help with activation issues: https://t.co/cJ57VP3gxT
AppleSupport: @458611  Hey there. We hate to hear you're having a problem. Send us a DM so we can look into this together. https://t.co/GDrqU22YpT
AppleSupport: @592375 We appreciate your patience and understanding. Please following these steps and DM the results: https://t.co/Mhw9pFAK08 https://t.co/GDrqU22YpT
AppleSupport: @474912  We're getting quite a bit off traffic today. Please keep trying. We appreciate your patience.
Customer: @AppleSupport Actually it’s all set now! And thank you for your reply :)
AppleSupport: @476173 We're happy you reached out to us. We've received your DM and will continue to work with you there. https://t.co/GDrqU22YpT
AppleSupport: @476347 We're here to help. Were you able to get your iPhone activated? If not, also try https://t.co/ywHIZGN4Ac
AppleSupport: @592620 Let’s team up to get this addressed and get your iPhone set up. Could you let us know more via a DM? We’ll go from there. https://t.co/GDrqU22YpT
AppleSupport: @477290 Thanks for reaching out to us. If you're on iOS 11.1, try these steps: https://t.co/xU1AGHStV6
AppleSupport: @477287 We have that in place to protect those with limited mobile bandwidth. You can download it when you have Wi-Fi.
Customer: @AppleSupport of agreement but I think it would be better to be able to configure that in settings
AppleSupport: @592726  We're here for you. Please try these steps and DM us if you still cannot activate your iPhone: https://t.co/ywHIZGN4Ac https://t.co/GDrqU22YpT
AppleSupport: @592744 Thank you for contacting us about this. We want to help you with your iPhone and what you're experiencing. Reach out to us in a DM. https://t.co/GDrqU22YpT
AppleSupport: @439951 Hey, to clarify, do you currently have an active contract? Let us know in DM and we'll go from there. https://t.co/GDrqU22YpT
Customer: @AppleSupport THANK YOU!!!!!
AppleSupport: @474161 Fantastic! We're glad to hear it got sorted out.
Customer: @AppleSupport Hello Apple Sup why does the wifi still seems active even after stopping frm control centre? Were as if we manually stop frm setngs it works
Customer: @AppleSupport Do you need to have two different SIM card in the iPhone’s to do this?
Customer: @AppleSupport Fix your update priblems 😤😤😤😤🖕🏻🖕🏻🖕🏻🖕🏻
Customer: @AppleSupport Hey Apple I have a problem with iOS 11. My iPhone says it needs to update but I’m up to date with my iOS 11 updates. What do I do? https://t.co/k6hxOh4ua9
Customer: @AppleSupport It worked on my side but is still showing the same error when I post messages. See below. Please help. https://t.co/pfjOdoF5Xa
Customer: @AppleSupport Si no arreglan la batería se van a fundir, se los aviso muchachos
AppleSupport: @477290 Our pleasure! Feel free to reach out to us again should you run into any further issues. Have a great weekend!
AppleSupport: @485015 That is intentional.  This article explains more about the changes to Bluetooth &amp; Wi-Fi in iOS 11: https://t.co/G7BHuQFeJE
AppleSupport: @485367 We'd be happy to provide some clarity for you. Check out the following resource under ""Use Quick Start"": https://t.co/Eagu0bQatm
AppleSupport: @483617 We'd like to help in any way we can. Please DM us more about what's happening with your device. https://t.co/GDrqU22YpT
AppleSupport: @593784 We'd like to look into this with you. Send us a DM by clicking on the link below. We'll go from there. https://t.co/GDrqU22YpT
Customer: @AppleSupport Well the article shared makes sense but will that consume better life as it is still on from control centre but not completely disable ?
AppleSupport: @485870 We offer support via Twitter in English. Get help in Spanish here: https://t.co/IBIY3vMgPj or join https://t.co/OczyRx7IOs
Customer: @AppleSupport Just please fix the letter i first
Customer: @AppleSupport How long should this normally take? Been stuck on “Setting up your Apple ID...” for 10+ minutes.
AppleSupport: @485015 If you wish to disable either Bluetooth or Wi-Fi permanently (until you want it back on), do so through Settings.
AppleSupport: @490682 Hello there. Try out this work around until this issue is fixed in a future update: https://t.co/xU1AGHStV6
AppleSupport: @488862 We'd be happy to look into this with you. DM us using the link below and we'll go from there. https://t.co/GDrqU22YpT
Customer: @AppleSupport Why am I seeing a question mark with box around them in some comments
Customer: @AppleSupport Try fix your battery problems before releasing new phones
Customer: @AppleSupport You created bad batteries for the iPhone so people could keep changing their iPhones every year
Customer: @AppleSupport  https://t.co/OnHabGwPo7
Customer: @AppleSupport Please add battery percentage to the control panel on the X
AppleSupport: @496186 We are aware of this issue and are working hard to find a resolution. We do have a workaround: https://t.co/xXaXeeSRt9
Customer: @AppleSupport You guys didnt roll out #iphonex with 11.0.3 and now my back-up wont restore as X is still on 11.0.1, I think you guys missed this one
AppleSupport: @531426 We'd be happy to look over any battery issues with you. Please meet us in DM so we may gather information, and better assist. https://t.co/GDrqU22YpT
AppleSupport: @531426 If you're having any issues with the battery on your iPhone, we'd love to assist. Just send us a DM, and we'll be happy to help. https://t.co/GDrqU22YpT
AppleSupport: @497667 We'd like to help. Does locking your screen and unlocking it help any?
AppleSupport: @498054 We always accept feedback to help improve our products! Please visit our Feedback page: https://t.co/oWzjJxkvlC
AppleSupport: @453017 We'd like to help. Have you tried updating to the latest iOS version now?
Customer: @AppleSupport I have updated to the latest verion but its a bad user experience
Customer: @AppleSupport iOS 11.1 is a mess
its caused a lot of iPhones to stuck on the apple logo
to solve it we go back to 11.0.3
please fix asap!!
AppleSupport: @453017 We want to ensure your iPhone X works for you. If you're experiencing issues after updating, let us know more in DM: https://t.co/GDrqU22YpT
Customer: @AppleSupport It is completely unacceptable that the 6 and 6S have completely been laid to waste by the IPhone X update.
AppleSupport: @600044 We'd like to help with your iPhone. Please DM us if you're still having issues and we'll work with you on any issues there. https://t.co/GDrqU22YpT
AppleSupport: @505654 We'd like to help with your iPhone. Tell us more about the issues you're experiencing with the phone in DM. We'll go from there. https://t.co/GDrqU22YpT
Customer: @AppleSupport It everything. It’s slow. Apps won’t load. The new IOS barely runs and is inconvenient. Text is broken. Everyone’s have the same issues.
Customer: @AppleSupport You destroyed your older products with this update, intentionally. People are all over social media freaking out. You’ve got a lot to fix.
AppleSupport: @505654 We'd be glad to look into any issues you're experiencing. Please DM us so that we can get started. https://t.co/GDrqU2kzhr
Customer: @AppleSupport I upgraded my iphone 8 to ISO 11.3 &amp; my phone is not working anymore shame on you .. all the people complaining regarding 11.3 .
AppleSupport: @601657 We'd like to help. What's happening with your iPhone? Tell us more in DM, and we'll work together from there. https://t.co/GDrqU22YpT
Customer: @531426 @AppleSupport I agree it seems like after it ages the battery really starts to die much quicker when I got my📱lasted 3-4 days now I’m charging 2/3 tmesday
AppleSupport: @235818 We'd like to look into this with you. What version of iOS are you currently running?
Customer: @AppleSupport Hi I’m running the version before 11.1 and it is always taking along time to load a page and the battery is just crap. I use to get 2-3 days out of one charge at beginning now I need to charge 2-4 tines a day. And the really slow page loading is very frustrating
AppleSupport: @235818 We want you to get the most out of your battery that is possible. What apps are using the most power per Settings &gt; Battery? https://t.co/GDrqU22YpT
Customer: @AppleSupport Hi safari and twitter are at 31&amp;32% the rest are lower
Customer: @AppleSupport Under phone it says audio at 14% all rest are under 10%
AppleSupport: @235818 Thanks for that info. DM us what you're seeing for the Standby and Active time at the bottom and we'll continue from there. https://t.co/GDrqU22YpT
Customer: @AppleSupport Is this allowed when you upgrade at an Apple store with the upgrade program?
AppleSupport: @471394 We want to help and would like to make sure we understand. What exactly are you wanting to do with the upgrade program?
Customer: @AppleSupport 2+ hours I'm still getting a spinning wheel after I confirmed my number, any tips?
AppleSupport: @691141 Let's look in to this together. Please DM us about this and we'll continue there. https://t.co/GDrqU22YpT
Customer: @AppleSupport Does this mean I don’t have to back my old phone up?
AppleSupport: @136103 You'll still want a backup to bring everything over, but Automatic Setup makes switching to a new device quick and easy.
Customer: @AppleSupport Ok Thank You",1,IPHONE_HARDWARE_FAILURE,"Customers are reporting that their iPhones are not working, have crashed, or have hardware defects, and are requesting repairs, replacements, or refunds."
36,"Customer: that whole iphone starting to act up cause the new one is about to come out is true 😒@115858 @AppleSupport https://t.co/LxH4RTd5S9
AppleSupport: @578952 If you're having problems with iMessage, we'd love to help out! Go to Settings &gt; General &gt; About, and let us know what iOS you use.
Customer: @AppleSupport 10.3.3
AppleSupport: @578952 Thanks for verifying. Here, are the steps on how to make a backup: https://t.co/tHicJHB57O 

Send a DM once that has been complete. https://t.co/GDrqU22YpT",0,MESSAGE_NOTIFICATION_PROBLEM,"Customers are reporting issues with receiving or displaying notifications for text messages and other apps, often citing specific iOS versions as the cause."
37,AppleSupport: @761560 We'd love to take a look. Please DM us which device and software you’re using. https://t.co/GDrqU22YpT,4,INITIAL_SUPPORT_INQUIRY,All conversations consist of automated responses acknowledging a customer's initial public contact and directing them to private direct messages for further assistance.
38,"Customer: @AppleSupport so uhhh when are you guys going to fix this fluke with iPhones huh?
AppleSupport: @709673 If you're having technical issues with your iPhone, we'd love to help you. Please provide us some details so we can determine the best way to assist you.",13,IPHONE_GENERAL_ISSUE,"All conversations involve customers reporting unspecified problems with their iPhones, prompting support to request general details like device model and iOS version to diagnose the issue."
39,"Customer: @AppleSupport How do we fix this problem with the I autocorrect to ?
AppleSupport: @596226 Thanks for reaching out. We have a workaround for this here: https://t.co/xXaXeeSRt9 DM us if you still need help. https://t.co/GDrqU22YpT
Customer: @AppleSupport @596226 So happy I️ saw this! I️ have been having the same issue as well!
Customer: @AppleSupport Thank you",11,IOS_AUTOCORRECT_BUG,"Customers are reporting a specific issue where the letter 'I' is incorrectly autocorrected or displayed, and support confirms that iOS 11.1.1 contains the fix for this autocorrect problem."
40,"AppleSupport: @416545 We want to get your Apple Music working again. To start, can you tell us which iPhone and iOS version you're using?",12,APPLE_MUSIC_PROBLEM,"All conversations involve customers reporting that the Apple Music service or app is not functioning correctly, prompting support to investigate specific technical issues."
41,"AppleSupport: @702783 We'd like to help in any way we can. Please send us a DM with more details, and we'll get started. https://t.co/GDrqU22YpT
Customer: @AppleSupport don’t act like thousands of people aren’t moaning about the same thing https://t.co/Azfr9hbxCE
AppleSupport: @702783 Send us a Direct Message with some details on the issues you're noticing, and we'll help out. https://t.co/GDrqU22YpT",19,GENERAL_ISSUE_INQUIRY,All conversations consist of Apple Support requesting more details via DM to address an unspecified issue reported by the customer.
42,"Customer: @AppleSupport - it is sad to see 2 iPhone 6 variants are struggling with battery life, after upgrading to ios11. They are still in immaculate condition, we end up charging 2-3 times a day, even with moderate usage.
AppleSupport: @765688 We want to help look into this. Reach out to us in DM and let us know when you first started noticing the change in the batteries and we will help. https://t.co/GDrqU22YpT
Customer: @AppleSupport It’s affecting several other iPhone users as well, don’t think everyone can afford to shell out $$$$ every other year towards a new iPhone!!",3,IOS_11_BATTERY_DRAIN,"All customers report significant battery life degradation or rapid draining specifically after updating to iOS 11, requesting a fix or troubleshooting assistance."
43,"AppleSupport: @589988 Tell us what you experienced, and on which devices, in DM and we'll be happy to work with you to figure it out. https://t.co/GDrqU22YpT",19,GENERAL_ISSUE_INQUIRY,All conversations consist of Apple Support requesting more details via DM to address an unspecified issue reported by the customer.
44,"Customer: The iOS Keyboard glitch has reached my 7 Plus! @AppleSupport https://t.co/YZqIVUYY7e
AppleSupport: @592492 We know it's not ideal to experience issues with your keyboard. DM us and we'll continue helping you with this there. https://t.co/GDrqU22YpT",9,IOS_11_BUG_REPORT,"Customers are reporting specific issues with iOS 11, and support agents are verifying the exact software version to determine if a recent update resolves the problem."
45,"Customer: Hey @AppleSupport my iPhone SE with iOS 11.2 keeps restarting by itself out of the blue- even tried restoring phone to no avail. Help!
AppleSupport: @244616 Let's take a look at this together. When you restored your iPhone, did you restore your backup or run it like a new device? Let us know in DM and we'll get started. https://t.co/GDrqU22YpT",5,IOS_11_FREEZE_PROBLEM,"All customers report that their iPhones are freezing, crashing, or becoming unresponsive specifically after updating to iOS 11."
46,"Customer: whenever my phone dies and i charge it, it turns on and shuts off at least 4 different times, whiles its charging... like get ur shit together @115858 @AppleSupport
AppleSupport: @349315 That's not good! Let's get this resolved for you. Which iOS version are you using under Settings &gt; General &gt; About? Are all of your apps up-to-date in the App Store? Do you use the original Lightning cable to charge your device?",3,IOS_11_BATTERY_DRAIN,"All customers report significant battery life degradation or rapid draining specifically after updating to iOS 11, requesting a fix or troubleshooting assistance."
47,"Customer: @AppleSupport i haven't been able to install IOS11 at all, been trying for months. I've got enough space on my phone, I've tried everything😔 https://t.co/QbEWxv9AvL
AppleSupport: @398832 Thanks for reaching out. We're here to help. DM us so we can look into this further with you. https://t.co/GDrqU22YpT",9,IOS_11_BUG_REPORT,"Customers are reporting specific issues with iOS 11, and support agents are verifying the exact software version to determine if a recent update resolves the problem."
48,"Customer: @AppleSupport iOS 11.2 on iPhone X - battery hidden in Messages app until swipe down on control center https://t.co/FGyhE4ttWl
AppleSupport: @123693 Let's see what we can figure out. Does the same thing happen after you restart your device? Let us know in DM. Thanks. https://t.co/GDrqU22YpT
Customer: @AppleSupport Actually it seems to have stopped. Will let you know if it returns. Thanks!
AppleSupport: @123693 We're glad to hear it. We'll be here if you need us. Have a great rest of your day.
Customer: @AppleSupport You too!",0,MESSAGE_NOTIFICATION_PROBLEM,"Customers are reporting issues with receiving or displaying notifications for text messages and other apps, often citing specific iOS versions as the cause."
49,"Customer: @AppleSupport could y’all diagnose my phone? digitizers not working properly
AppleSupport: @732864 For sure, let's work together on that. Are you noticing the display not responding in certain sections or the entire display? Does it seem frozen? Please DM us.
Customer: @AppleSupport DMed",13,IPHONE_GENERAL_ISSUE,"All conversations involve customers reporting unspecified problems with their iPhones, prompting support to request general details like device model and iOS version to diagnose the issue."
50,"Customer: @AppleSupport I’m having screenshot issues. There is no flash of the screen when I click the volume up button and side button. It also doesn’t show the screenshot in the bottom left corner
AppleSupport: @630997 We'd like to help figure out what's going on with your screenshots. Which device is this happening with? Do you see the screenshot in the Photos app?
Customer: @AppleSupport iPhone X and yes it does appear in the photos
AppleSupport: @630997 OK, which iOS are you running currently? You can go to Settings &gt; General &gt; About to locate the version. 
Has this ever worked as you'd expect it to? 
Have you restarted your iPhone since you noticed this behavior?",7,PHOTOS_DISAPPEARED,"Customers are reporting that their photos have vanished, are missing, or are not loading from their device's camera roll or photo library."
51,"AppleSupport: @626062 Here’s what you can do to work around the issue until it’s fixed in a future software update: https://t.co/xXaXeeSRt9
Customer: @AppleSupport Yeah, still didn’t work. Thanks though.",2,SOFTWARE_BUG_WORKAROUND,Customers are seeking temporary solutions for known software issues that are scheduled to be fixed in future updates.
52,AppleSupport: @357605 We want to help. Meet us in DM and we'll work towards a solution together. https://t.co/GDrqU22YpT,4,INITIAL_SUPPORT_INQUIRY,All conversations consist of automated responses acknowledging a customer's initial public contact and directing them to private direct messages for further assistance.
53,"Customer: These boxes gone make me have a freakin meltdown. Fix it NEOW!!!! @AppleSupport https://t.co/SS13aS8JX5
AppleSupport: @509274 Here’s what you can do to work around the issue until it’s fixed in a future software update: https://t.co/xXaXeeSRt9
Customer: @AppleSupport I did that already, and it’s still forming boxes
AppleSupport: @509274 Please join us in DM. https://t.co/GDrqU22YpT",19,GENERAL_ISSUE_INQUIRY,All conversations consist of Apple Support requesting more details via DM to address an unspecified issue reported by the customer.
54,"AppleSupport: @331089 Your battery life is important to us. Let's look into this together. Can you provide us which iOS version is on your device? This can be located in Settings &gt; General &gt; About &gt; Version.
Customer: @AppleSupport 11.1.2 (15B202)
AppleSupport: @331089 Thank you for letting us know. Have you had a chance to take a look at the tips here for maximizing your battery life: https://t.co/bivpdfBNJ6
Customer: @AppleSupport I have and I know that @135616 uses most of My battery but it used to last 8+ hours of active on screen GPS time for work. Now I close it after every like 10-20 min trip so Maybe 2-3 hrs of onscreen time a day now and it’s just dropping super fast.
Customer: @AppleSupport @135616 I actually have to charge the phone up to three times a day now just to be able to continue using GPS over the course of the day.  The on screen time numbers show 24 hour so actual since last charge on screen time number is skewed. https://t.co/UAZXvwmy3W
AppleSupport: @331089 Thank you for taking a look at that. Please send us a DM, so we can look into this more closely with you. https://t.co/GDrqU22YpT",3,IOS_11_BATTERY_DRAIN,"All customers report significant battery life degradation or rapid draining specifically after updating to iOS 11, requesting a fix or troubleshooting assistance."
55,"AppleSupport: @562767 Hi Jeema. What version of iOS do you see under Settings &gt; General &gt; About &gt; Version? Reply with this link, we'll meet you there. https://t.co/GDrqU22YpT",18,IOS_VERSION_INQUIRY,All conversations involve support agents requesting the customer's current iOS version and device model to begin troubleshooting.
56,"Customer: @applesupport Hi there - iphone 5 just stopped connecting to imessage. Turned off/on, rebooted, reset network settings - you name it - I tried it. Activation error. Don't get any messages from people with an iphone (it's not recognizing to switch to SMS). Any ideas? Thanks.
AppleSupport: @679977 We'd love to assist you. Can you tell us what the activation error is you are receiving?
Customer: @AppleSupport I try to turn Imessage back on and it was ""Activation error"" - or it says ""Waiting for activiation"" - it goes back and forth. :)
Customer: @AppleSupport As an iphone 5 - you can imagine I've had this for a while, so Imessge was something that was well-traveled on this phone. :)
AppleSupport: @679977 Has it shown the waiting for activation error for 24 hours or more consistently without you attempting to activate again? Does it show your date, time, and timezone correct in Settings &gt; &gt; General &gt; Date &amp; Time? DM the answer. https://t.co/GDrqU22YpT
Customer: @679977 @AppleSupport I have the same issue! Has it sorted itself now and how long did it take please?
Customer: @700246 @AppleSupport My phone work up and decided to go back to normal. The battery dying like crazy no matter the charge amount...oy.
Customer: @679977 @AppleSupport My phone right now says waiting for activation?! So would you say it took a good few hours?
Customer: @700246 @AppleSupport Mine said that when I went to bed (after lots of error messages first) - when I woke up, it had connected. But I'd let the experts consult. :)
Customer: @679977 @AppleSupport That’s happening to mine,all my messages are errors! Thankyou sm! Fingers crossed it works when i wake up🤞🏽
AppleSupport: @700246  If you are still having issues, we'd like to investigate further with you. Send us a DM and we can troubleshoot more from there. https://t.co/GDrqU22YpT
Customer: @AppleSupport I already have DM you!",0,MESSAGE_NOTIFICATION_PROBLEM,"Customers are reporting issues with receiving or displaying notifications for text messages and other apps, often citing specific iOS versions as the cause."
57,AppleSupport: @623225 We'd be happy to take a look!  Feel free to DM us more about what you're experiencing and we'll go from there. https://t.co/GDrqU22YpT,4,INITIAL_SUPPORT_INQUIRY,All conversations consist of automated responses acknowledging a customer's initial public contact and directing them to private direct messages for further assistance.
58,"Customer: Why did my brand new iphone8 plus just make a loud crackling/static noise out the blue @AppleSupport
AppleSupport: @165334 We'd like to help. Does everything appear to be working on your iPhone? Was this a sound from the speakers or device itself?
Customer: @AppleSupport It was from the device itself, it was also slightly vibrating and warming up.. everything appears to be working perfectly fine after though
Customer: @165334 @AppleSupport Shit",12,APPLE_MUSIC_PROBLEM,"All conversations involve customers reporting that the Apple Music service or app is not functioning correctly, prompting support to investigate specific technical issues."
59,"Customer: @AppleSupport 
I was promised a receipt for a purchase and have not received it.  No one answers the phone at Apple (tried several numbers)
AppleSupport: @682216 We’d like to look into this with you. To start, what kind of purchase did you make? Let us know in DM. https://t.co/GDrqU22YpT",8,REQUEST_HUMAN_CONTACT,"Customers are primarily seeking direct communication channels, such as phone numbers or emails, to speak with a representative or escalate their issues."
60,"Customer: @AppleSupport this update has ruined my phone is it possible to downgrade?
AppleSupport: @203169 Great question! Reverting your device to a previous iOS can do it harm. We don't recommend, or support downgrading your iOS.
Customer: @AppleSupport Updating did it harm. How do you downgrade",10,IOS_UPDATE_PROBLEM,"All customers are reporting issues, bugs, or dissatisfaction specifically related to recent iOS software updates on their devices."
61,"Customer: @115858 @AppleSupport my phone can't download iOS 11.2. It can't get service. It won't work after restarting the phone or the network #help
Customer: @115858 @AppleSupport Is it because my phone won't update my network is trashed? #help #help #help
Customer: @297224 @115858 @AppleSupport #iOS11.2 is yet to release 😃, you mean 11.0.2 ? 🙃
AppleSupport: @297224 We can help get your iPhone updated. To be sure we’re on the same page, are you updating via Wi-Fi or with iTunes?
Customer: @AppleSupport Updating via wifi
Customer: @300388 @115858 @AppleSupport Yeah I didn't have a enough characters lol so it's 11.0.2
Customer: @AppleSupport And thank you for helping! I'm dying trying to fix it 😂
AppleSupport: @297224 We just released iOS 11.0.3 today. Meet us in DM, and we'll work together to get your iPhone updated. https://t.co/GDrqU22YpT
AppleSupport: @297224 Let's try some additional steps. Please send us a DM &amp; we'll continue there. https://t.co/GDrqU22YpT",10,IOS_UPDATE_PROBLEM,"All customers are reporting issues, bugs, or dissatisfaction specifically related to recent iOS software updates on their devices."
62,"Customer: my messages from group chats don’t show up in 1 group chat thread they only come as individual threads :( pls help @AppleSupport
AppleSupport: @615064 We want you to enjoy group chat functions as designed, let's meet up in DM so we can discuss specific points of what you see. https://t.co/GDrqU22YpT",0,MESSAGE_NOTIFICATION_PROBLEM,"Customers are reporting issues with receiving or displaying notifications for text messages and other apps, often citing specific iOS versions as the cause."
63,"Customer: @115858 @AppleSupport check after iOS11 if three finger zoom is being limited to only top half of screen? Any remedies? Or it’s my mistake?
AppleSupport: @208018 We'd like to help. Which version of iOS 11 are you running? Are you having trouble moving the Zoom window?
Customer: @AppleSupport I m running 🏃 iOS 11.01 but look at the issue when I am tapping twice by 3 finger only the top part of the screen gets enlarged or zoomed. https://t.co/3GmgnA5QWr
AppleSupport: @208018 Thanks for sharing. We recommend updating as this may help us resolve any issues you're experiencing.",9,IOS_11_BUG_REPORT,"Customers are reporting specific issues with iOS 11, and support agents are verifying the exact software version to determine if a recent update resolves the problem."
64,"Customer: @AppleSupport every time I’m playing music and a sound from app goes off on my phone it stops music! This is ridiculous apple get it sorted
AppleSupport: @183866 We'd like to help with your music issue. Which iPhone do you have &amp; which version of iOS is installed currently?",12,APPLE_MUSIC_PROBLEM,"All conversations involve customers reporting that the Apple Music service or app is not functioning correctly, prompting support to investigate specific technical issues."
65,"Customer: @AppleSupport have a iPhone 7 Plus and since the new update my podcast app is unuseable. Crash every couple minutes, freezes during browsing
Customer: @AppleSupport This is insane. It freezes every 10 seconds, literally. Even in those 10 seconds nothing will download.
AppleSupport: @516262 You've done a lot of great steps already to get your Podcasts app running smoothly. Have you deleted and re-installed the app?
Customer: @AppleSupport I follow a lot of podcasts and I’m way behind on most of them. That’s a huge library to rebuild.
Customer: @AppleSupport Which I understand could be part of the issue, but is it a lot to ask that the app be able to handle that. least not get worse with updates
AppleSupport: @516262 Let's move to DM for a closer look. Are you able to sync the episodes through iTunes? https://t.co/GDrqU22YpT
Customer: @AppleSupport Used to. new computer since. I get so scared of syncing. I’ve had past issues with losing my entire library and having to build from scratch
Customer: @AppleSupport Left alone for a couple hours I was able to download again and add episodes to my queue. I don’t think I need direct troubleshooting
Customer: @AppleSupport I just wanted to make you aware of the issue so that you can focus your engineers on improving the way the app uses resources or whatever.
Customer: @AppleSupport Because it’s been steadily been getting more laggy with every update. I get you’re fixing a lot of issues and adding features, but... u know
Customer: @AppleSupport Also I absolutely have the battery draining issue. So far I’ve been using battery saving mode and it seems to improve a lot of iOS11 issues
AppleSupport: @516262 We're glad that your Podcasts are downloading once again. We'd like to take a closer look at your battery. Please DM more info. https://t.co/GDrqU22YpT
Customer: @AppleSupport It’s doing it again. Keeps freezing every ten seconds of podcast app use, eps all have pluses beside name w/ no option to download. https://t.co/TdXXy8Yr1a
Customer: @AppleSupport It finally snapped out of it. I tried everything for an hour and nothing, then snaps out of it on its own. I don’t know the problem here...
Customer: @AppleSupport And that said, it’s still laggy and slow and shitty. It’s just not crashing and resetting every ten seconds and finally letting me DL stuff
AppleSupport: @516262 Thanks for keeping us updated. Have you deleted and re-downloaded the app at all?
Customer: @AppleSupport Will it work to offload it or do I actually have to delete. Again, I just don’t wanna lose my 60 gig library.
AppleSupport: @516262 We recommend deleting and re-installing the app itself. You should be able to re-download your Podcasts without issue.
Customer: @AppleSupport Well I cannot do that. That would be to lose 50 gigs of podcasts. It’s happening again. Why does it show this pluses? Why won’t it let me download anything? Everything still plays okay... why does it happen every morning and then it’s okay for a day? Also keeps crashing As per us https://t.co/cSCBoXIy2L
AppleSupport: @516262 Got it. We don't want you to have to redownload that many data. Let's take a look to see what your next step would be in DM. https://t.co/GDrqU22YpT",5,IOS_11_FREEZE_PROBLEM,"All customers report that their iPhones are freezing, crashing, or becoming unresponsive specifically after updating to iOS 11."
66,"Customer: @126 keeps crashing on my iPhone X specifically when I try to post a story @AppleSupport
AppleSupport: @159424 Let's take a look at that.  Is Instagram updated?  If so, go ahead and delete it, and then download again from the App Store.
Customer: @AppleSupport Tried that, still buggy
AppleSupport: @159424 Can you let us know what iOS software version you are running? You can check by going to Settings &gt; General &gt; About.
Customer: @AppleSupport 11.1
AppleSupport: @159424 Okay, thanks for checking on that. There's a newer version of iOS available, so let's start by backing up your iPhone (https://t.co/4f8hwT5to6), then update to the latest software version.",5,IOS_11_FREEZE_PROBLEM,"All customers report that their iPhones are freezing, crashing, or becoming unresponsive specifically after updating to iOS 11."
67,AppleSupport: @665914 That's not what we like to hear. Please click here to coin us in DM and provide us with the details. https://t.co/GDrqU22YpT,4,INITIAL_SUPPORT_INQUIRY,All conversations consist of automated responses acknowledging a customer's initial public contact and directing them to private direct messages for further assistance.
68,"Customer: iOS 11 Dear @AppleSupport : I have “do not disturb” activated (by schedule, not manually) so why did my phone make a sound when I got a Facebook alert after the activation time?
AppleSupport: @603702 Send us a DM and let us know if in Settings &gt; Do Not Disturb it shows to silence always, or while iPhone is locked? https://t.co/GDrqU22YpT",0,MESSAGE_NOTIFICATION_PROBLEM,"Customers are reporting issues with receiving or displaying notifications for text messages and other apps, often citing specific iOS versions as the cause."
69,"AppleSupport: @144217 What kind of issues are you having with the iPhone? We'd love to help out.
Customer: @AppleSupport Unresponsive keyboard and buttons, low battery life, disappearing icons and even the time display, wifi/bluetooth always on.
AppleSupport: @144217 Thanks for clarifying. We're eager to help get these issues resolved. In order to ensure we're on the same page, please send us a DM and let us know the version number of iOS installed. This can be found under Settings &gt; General &gt; About. https://t.co/GDrqU22YpT
Customer: @AppleSupport @144217 I have a 6 Plus, everyone that I have talked to has been having the issues that he mentioned since the iOS 11 updates. My battery life is terrible now, my cursor/screen freezes &amp; jumps around while I’m typing &amp; I have to do a hard reset every couple of days.
Customer: @AppleSupport @144217 It’s to the point where I get so frustrated w/my phone that I’m seriously looking back into @122609 bcuz I’m not shelling out a small fortune for a brand new model iPhone, &amp; apparently anything older than an iPhone 7 is being pushed out by iOS 11.
AppleSupport: @144218 We expect you to have a great experience running the latest version of iOS, 11.1.2, on your iPhone 6 Plus. Send us a Direct Message, and we'll work together to investigate the behaviors you're running into, so we can offer the best solution. https://t.co/GDrqU22YpT
Customer: @144218 @AppleSupport @122609 The most recent updates have not fixed any of the issues. Wifi and bluetooth antennas turn on by themselves
AppleSupport: @144217 Hello. Follow these tips to contol your Wi-Fi and Bluetooth connections in iOS 11: https://t.co/G7BHuQnDS6 Feel free to reach out via DM if you have questions or you're experiencing something other than what you see in the article: https://t.co/GDrqU22YpT",5,IOS_11_FREEZE_PROBLEM,"All customers report that their iPhones are freezing, crashing, or becoming unresponsive specifically after updating to iOS 11."
70,"Customer: finally got ordered, 12mins after; idk if completed 🤦🏾‍♂️🤷🏾‍♂️ 38mins later, I still haven’t got my conf email @115858 @AppleSupport #iPhoneX https://t.co/Txnm6JjABm
AppleSupport: @431931 Hey there, thanks for reaching out and your patience. Have you since received the email?
Customer: @AppleSupport Yes. I received it this morning. There was still a problem; I wanted in-store pick up, but it’s showing a delivery date 📦🤷🏾‍♂️ @AppleSupport
Customer: @AppleSupport I had to put a delivery address during the preapproval stage, but was told that during check out; we would be able to switch to in-store
AppleSupport: @431931 Contact our sales support team for additional assistance with this here:  https://t.co/8yjRd1Xo0i
Customer: @AppleSupport I was on hold an hour/15mins before I got to speak to a live rep 🤦🏾‍♂️😖😤",8,REQUEST_HUMAN_CONTACT,"Customers are primarily seeking direct communication channels, such as phone numbers or emails, to speak with a representative or escalate their issues."
71,"Customer: You know what I’d like? To have cloud music on without I removing the option to select my playlists thanks @AppleSupport I don’t have WiFi at work. https://t.co/X2N8cPI4bN
AppleSupport: @603704 Happy to help. Follow the steps here to download your music for offline play: https://t.co/LzCmUlsBqe DM any questions. https://t.co/GDrqU22YpT",12,APPLE_MUSIC_PROBLEM,"All conversations involve customers reporting that the Apple Music service or app is not functioning correctly, prompting support to investigate specific technical issues."
72,"AppleSupport: @732031 We'd like to look into this with you. DM us details of the issue you're experiencing and we'll continue there. https://t.co/GDrqU22YpT
Customer: @AppleSupport It’s a job for Carpe Facto— mail freezes all the fucking time— every single day. @423 might have something to do with it, as usual.",5,IOS_11_FREEZE_PROBLEM,"All customers report that their iPhones are freezing, crashing, or becoming unresponsive specifically after updating to iOS 11."
73,"Customer: @AppleSupport Bought new IPhone 8+ Downloaded ICloud backup from IOS 11to IOS11. Lost many apps! Kept asking for decades old Apple ID. HELP!
AppleSupport: @181041 We want to help with your apps. Reach us via DM to continue. https://t.co/GDrqU22YpT",1,IPHONE_HARDWARE_FAILURE,"Customers are reporting that their iPhones are not working, have crashed, or have hardware defects, and are requesting repairs, replacements, or refunds."
74,"Customer: Dear @AppleSupport, iOS 11.1 broke my notifications. Please fix. Thanks! https://t.co/dlO4ZJxnOy
AppleSupport: @261196 Let's help. Since updating iOS, have you also updated your apps? Next, does restarting return the notifications to normal?
Customer: @AppleSupport Updated all apps I can. Restarted the phone several times.
AppleSupport: @261196 Let's take a closer look. Please reach out to us via DM and we can go from there. https://t.co/GDrqU22YpT
Customer: @AppleSupport Sent!
Customer: @261196 @AppleSupport Was there a solution discovered for this issue? I’ve been paddling in this same boat. https://t.co/tFIsUsG4M5
AppleSupport: @70833 If you're experiencing issues as well, we're happy to help out. To get started, let us know which iOS version you have installed. You can check under Settings &gt; General &gt; About.
Customer: @AppleSupport Updating to 11.1.2 now... hadn't noticed that was out. I'll let ya know if it resolves the issue. ty
Customer: @70833 @AppleSupport After that the recommendation was to reset all settings to factory default. Lol.
AppleSupport: @70833 Sounds great. Keep us posted on the results.
Customer: @AppleSupport The OS update appears to have resolved the notification bug! Thanks :)
AppleSupport: @70833 That's great news! You're welcome.
Customer: @AppleSupport Post 11.2 update... the bug is back (it also returned on the 11.1.2 update) https://t.co/x3iYVtKTSJ
AppleSupport: @70833 Thanks for getting back to us. We want an issue to stay gone. Let's take a look again &amp; get this issue resolved once and for all. So far, is this the only notification where this happened?
Customer: @AppleSupport Thanks. No, it’s on many types of notifications in note center. Typically in the top note above the Earlier Today section. Occasionally in the top note OF the Earlier Today section. I’ll screenshot next appearance...
AppleSupport: @70833 That would be great. Please DM us with the current country you're in so we may better assist you. https://t.co/GDrqU22YpT",0,MESSAGE_NOTIFICATION_PROBLEM,"Customers are reporting issues with receiving or displaying notifications for text messages and other apps, often citing specific iOS versions as the cause."
75,"Customer: @AppleSupport what's with my Bluetooth turning on every time I turn my phone on? My wife's does it too.
AppleSupport: @388046 We'd be happy to assist with your Bluetooth today. Send us a DM to get started. https://t.co/GDrqU22YpT",14,IOS_11_WIFI_BEHAVIOR,Customers are reporting that Wi-Fi and Bluetooth automatically reconnect or turn back on after being disabled in the Control Center following the iOS 11 update.
76,"Customer: @AppleSupport So Bootcamp just crashed while partitioning and now it can't unify the two partitions https://t.co/aFMTJ62fRW
AppleSupport: @231606 You’re in the right place for help. Join us in DM using the link below, and we’ll meet you there to start working on a resolution. https://t.co/GDrqU22YpT",17,MACBOOK_GENERAL_ISSUE,"All conversations involve customers reporting unspecified technical problems or malfunctions with their Mac or MacBook devices, prompting support to request further details via DM."
77,"Customer: @AppleSupport after the recent iOS update my phone likes to shut off snd restarted throughout The day. #whydidiupdate
AppleSupport: @564964 We'd like to help with this. DM us if you're using the latest iOS 11.0.3 and we'll look into this with you. https://t.co/GDrqU22YpT",5,IOS_11_FREEZE_PROBLEM,"All customers report that their iPhones are freezing, crashing, or becoming unresponsive specifically after updating to iOS 11."
78,AppleSupport: @796063 We'd like to look into service options with you. Reach out via DM using the link below and let us know what country you're located in. https://t.co/GDrqU22YpT,4,INITIAL_SUPPORT_INQUIRY,All conversations consist of automated responses acknowledging a customer's initial public contact and directing them to private direct messages for further assistance.
79,"Customer: @115858 @AppleSupport why would you mess up the letter i on our keyboard?! WHY?! #A?
AppleSupport: @328849 Here’s what you can do to work around the issue until it’s fixed in a future software update: https://t.co/xXaXeeSRt9",15,KEYBOARD_TYPING_GLITCH,Customers are reporting a specific bug where typing the letter 'I' results in incorrect characters or formatting issues on their devices.
80,"Customer: @AppleSupport why is “I️” replaced with “?” ?!?!
AppleSupport: @667666 iOS 11.1.1 was recently released and it includes a fix for autocorrect issues. Be sure to back up your device prior to updating, and let us know if the issue persists afterwards. How to back up: https://t.co/ui8Itz8ESg",11,IOS_AUTOCORRECT_BUG,"Customers are reporting a specific issue where the letter 'I' is incorrectly autocorrected or displayed, and support confirms that iOS 11.1.1 contains the fix for this autocorrect problem."
81,"Customer: @AppleSupport @302344 What happen apple? My phone keeps on Temperature Iphone need to cool down! Even its not hot! What to do?
Customer: @302343 @AppleSupport iOS 11.1 is in beta testing, I suspect iOS 11.0.3 will be needed before that.
AppleSupport: @302343 We'd like to help. Let's take this to DM and we'll explore ways to provide you assistance. https://t.co/GDrqU22YpT
Customer: @302344 @302343 @AppleSupport The crackling sound didn’t go away with 11.0.2 . But hey, apple is giving us emojis.
Customer: @387021 @302343 @AppleSupport In fairness it worked for a lot of users (according to reports), it just broke everything else!
AppleSupport: @302344 We'd like to see if we can help improve performance on your device. Send us a DM letting us know what problems you're seeing. https://t.co/GDrqU22YpT
Customer: @AppleSupport You seem confused who you should be talking to ;) You need @42504 me!
AppleSupport: @302344 Thanks for clarifying. We just wanted to make sure you were both helped, if needed. We're here if you need us as well. https://t.co/GDrqU22YpT
Customer: @AppleSupport You have the patience of saints. Good luck with all the battery life problems 👍
Customer: @302344 @AppleSupport Apple Support - Just look up all the issues with iOS 7.0 and 8.0 and 9.0 and 10.0 when they were released. It’s the same list.
Customer: @302344 @AppleSupport ...BTW, I’m not being difficult. Here’s what what fixed yesterday vs the same problem last year with iOS 10. https://t.co/hUzSCCKfyn
Customer: @426462 @AppleSupport Interesting. Which exact iOS 10 update was that? I'll take a look.
Customer: @302344 @AppleSupport My phone randomly disconnects from my car’s Bluetooth. Same thing with iOS 10.0.X. Dropping frames back after it was fixed in iOS 10.3, etc.
Customer: @426462 @AppleSupport TBF limited number of problems: battery life, Bluetooth, WiFi, crashes, etc. Just rinse and (try not to) repeat.
Customer: @302344 @AppleSupport Yea. It’s nothing major for me. It’s just frustrating to see the same things pop up over and over. The dropping frames is disappointing. https://t.co/MvVNJhrhUZ",5,IOS_11_FREEZE_PROBLEM,"All customers report that their iPhones are freezing, crashing, or becoming unresponsive specifically after updating to iOS 11."
82,"Customer: @115858 @115858 @AppleSupport my iPhone 6 is still randomly rebooting on iOS 11.1 after extensive troubleshooting with Apple. Any ideas?
AppleSupport: @625632 We’d like to learn more about the situation. Can you confirm if you have a recent backup via DM? https://t.co/4f8hwT5to6 https://t.co/GDrqU22YpT",5,IOS_11_FREEZE_PROBLEM,"All customers report that their iPhones are freezing, crashing, or becoming unresponsive specifically after updating to iOS 11."
83,"Customer: I just wanna know when my phone is gonna stop freezing every 10 minutes @AppleSupport
AppleSupport: @597749 We can certainly look into this concern with you can. We know this is not an expected behavior.  DM us the device model. https://t.co/GDrqU22YpT",5,IOS_11_FREEZE_PROBLEM,"All customers report that their iPhones are freezing, crashing, or becoming unresponsive specifically after updating to iOS 11."
84,"Customer: When are we gonna get a new update to get rid of this bug? @AppleSupport I still unable to use my phone without WiFi and I really need to.
AppleSupport: @356034 We'd like to look into this. Send us a DM with a few more details. https://t.co/GDrqU22YpT",14,IOS_11_WIFI_BEHAVIOR,Customers are reporting that Wi-Fi and Bluetooth automatically reconnect or turn back on after being disabled in the Control Center following the iOS 11 update.
85,"Customer: Už tři dny mi záhadně nejde v Apple music nejde vytvořit stanice a dokonce se nepřehrává žádné rádio. Že by platba? @AppleSupport
AppleSupport: @499768 We offer support via Twitter in English. Contact us for help in your preferred language here: https://t.co/IBIY3vMgPj
Customer: @AppleSupport why can not I create apple music stations? the music timeline will not appear and the silence will not appear. And for at least three weeks
AppleSupport: @499768 Let's look into this together to make sure things are working correctly. To start, DM us your device model and iOS version. https://t.co/GDrqU22YpT",12,APPLE_MUSIC_PROBLEM,"All conversations involve customers reporting that the Apple Music service or app is not functioning correctly, prompting support to investigate specific technical issues."
86,"Customer: @AppleSupport attempted to download BT sports app last night but couldn't log in using my Apple ID.  Was told some one would ring me within 24 hours to sort the situation. It now says the app won't be available for 13 days???
AppleSupport: @274119 With third-party apps, the best step to take is to get in contact with the developers from within the App Store for further assistance with their application.",8,REQUEST_HUMAN_CONTACT,"Customers are primarily seeking direct communication channels, such as phone numbers or emails, to speak with a representative or escalate their issues."
87,"Customer: @AppleSupport -...and with iOS 11, it's still ignoring the email fetch not push setting
AppleSupport: @240341 We'd like to help. Have you backed up and checked for updates? This article will guide you through the process of backing up to either iCloud or iTunes: https://t.co/4f8hwTn4fE. How many email accounts do you have set up in Mail?
Customer: @AppleSupport Yes, backed up. Running 11.1.2.  I gets this way for months now.  You recommend updating iOS each time, and nothing changes. The is only one email account in Mail
AppleSupport: @240341 OK and you said it's ignoring the fetch setting. What do you have it set to and what is it doing?
Customer: @AppleSupport It's set to fetch every 15 minutes, but I get a notification as soon as mail is sent and received
AppleSupport: @240341 Ok we'd be happy to take a look in to those settings. Send us a DM to continue. https://t.co/GDrqU22YpT",10,IOS_UPDATE_PROBLEM,"All customers are reporting issues, bugs, or dissatisfaction specifically related to recent iOS software updates on their devices."
88,"Customer: Got my #iphonex. And for whatever reason, my apps will not automatically download. They halfway download then stop. Will I really need to download one by one? @applesupport?
AppleSupport: @481346 Let's start by restarting your iPhone and seeing if it's still exhibits the same behavior. https://t.co/OWRDHWSt4h 
Keep us posted.
Customer: @AppleSupport I restarted it, restored it three times. Did a new backup of my old phone to see if the first was corrupted and the same thing happened. Thinking my internet may be the problem
Customer: @AppleSupport But I did pause every app and tried to prioritize one app at a time and the same thing happened
AppleSupport: @481346 Thank you for the update. Let's see if the network connection is causing this. Can you download apps while you're connected to a different Wi-Fi network?",10,IOS_UPDATE_PROBLEM,"All customers are reporting issues, bugs, or dissatisfaction specifically related to recent iOS software updates on their devices."
89,"Customer: Why is my battery messing up @AppleSupport i cant go 2 hours without having to charge it. It’s annoying
AppleSupport: @805157 We want the best for you and your battery life. Let's help you out with this. To start, confirm for us, the model device you are using and the iOS version you have installed under Settings &gt; General &gt; About.
Customer: @AppleSupport Model: MG642LL/A Version: 11.1.2(15B202)
AppleSupport: @805157 Thank you. When you navigate to Settings &gt; Battery, do you see a message saying your iPhone battery may need to be serviced, at the top of the page? Here's our support article with more info: https://t.co/KyywFa9iZ3",3,IOS_11_BATTERY_DRAIN,"All customers report significant battery life degradation or rapid draining specifically after updating to iOS 11, requesting a fix or troubleshooting assistance."
90,"Customer: @AppleSupport I hear there is some sort of battery diag you can activate in settings
AppleSupport: @574657 Thanks for reaching out to us. Can you DM us the issue that you are having? That way we can better assist you. https://t.co/GDrqU22YpT",3,IOS_11_BATTERY_DRAIN,"All customers report significant battery life degradation or rapid draining specifically after updating to iOS 11, requesting a fix or troubleshooting assistance."
91,"AppleSupport: @216975 Let us help with your battery life. DM us which app is taking up the most battery in Settings &gt; Battery. We’ll continue there. https://t.co/GDrqU22YpT
Customer: @AppleSupport Than?
AppleSupport: @216975 Once we get a better picture of the battery usage in DM we’ll be able to pinpoint our next steps. We look forward to your DM. https://t.co/GDrqU22YpT
Customer: @AppleSupport I have sent so many times to the support team, useless, so you guys can say there is no use of complaining, because iPhone in the worst now",3,IOS_11_BATTERY_DRAIN,"All customers report significant battery life degradation or rapid draining specifically after updating to iOS 11, requesting a fix or troubleshooting assistance."
92,"Customer: @AppleSupport is there any way to remove photos from my iPhone without deleting them from iCloud entirely?
AppleSupport: @348202 Hey there, we can help. Let's get to DM for more info. https://t.co/GDrqU22YpT",7,PHOTOS_DISAPPEARED,"Customers are reporting that their photos have vanished, are missing, or are not loading from their device's camera roll or photo library."
93,"Customer: @AppleSupport A film that I purchased several years ago, Donnie Darko, has vanished from my account/library. I contacted your support team without success. Please investigate and 1) explain why it has been removed 2) restore it to my account/account.
AppleSupport: @714873 Thank you for reaching out for support. We'd like to help out. Please let us know if the steps in this article help: https://t.co/I39AyMJNgb  We look forward to your response.",8,REQUEST_HUMAN_CONTACT,"Customers are primarily seeking direct communication channels, such as phone numbers or emails, to speak with a representative or escalate their issues."
94,"AppleSupport: @393318 We'd love to help you with your Apple products. Tell us a little more about what's going on.
Customer: @AppleSupport iOS11 makes my phone freeze every 20 seconds
AppleSupport: @393318 Could you tell us which iPhone you're using the exact version of iOS 11 installed?
Customer: @AppleSupport 7 plus iOS 11.1
AppleSupport: @393318 Thanks. Let's look into this further via DM. Let us know which country you're located in to get started. https://t.co/GDrqU22YpT
Customer: @AppleSupport @393318 I have that same trouble.looks like in this movie.
https://t.co/Icc3pPm7Pc
AppleSupport: @393319 We will be happy to work with you to get this resolved. Please DM us to get started. https://t.co/GDrqU22YpT",5,IOS_11_FREEZE_PROBLEM,"All customers report that their iPhones are freezing, crashing, or becoming unresponsive specifically after updating to iOS 11."
95,AppleSupport: @551160 We want to be sure you can use your iPhone as you'd expect. We can help! Shoot us a DM and let us know what's happening. https://t.co/GDrqU22YpT,13,IPHONE_GENERAL_ISSUE,"All conversations involve customers reporting unspecified problems with their iPhones, prompting support to request general details like device model and iOS version to diagnose the issue."
96,"AppleSupport: @719143 An update has been released to assist with this issue. If you haven’t yet, please back up your device and update it to the latest version iOS 11.1.1. For more info, check out: https://t.co/G4q0hxzVXF
Customer: @AppleSupport I did the update today and still seeing the weird symbols :/
AppleSupport: @719143 We know how important it is for your keyboard to work as expected and we're happy to do everything we can to help. To continue, please DM us with the country where you're located and the device model you're using. https://t.co/GDrqU22YpT",9,IOS_11_BUG_REPORT,"Customers are reporting specific issues with iOS 11, and support agents are verifying the exact software version to determine if a recent update resolves the problem."
97,"Customer: @AppleSupport did anyone actually bother testing iOS 11 on the iPhone 6 before it was rolled out? My phone is so slow it’s getting unusable
AppleSupport: @161767 We're glad to help. Send us a DM and let us know what version of iOS 11 you're using and we'll get started. https://t.co/GDrqU22YpT",5,IOS_11_FREEZE_PROBLEM,"All customers report that their iPhones are freezing, crashing, or becoming unresponsive specifically after updating to iOS 11."
98,AppleSupport: @193853 We're glad you reached out. Check out this article and let us know if that resolves the issue: https://t.co/G7BHuQnDS6,19,GENERAL_ISSUE_INQUIRY,All conversations consist of Apple Support requesting more details via DM to address an unspecified issue reported by the customer.
99,"Customer: @AppleSupport I just updated my mac and Logic Pro does not work because it 'needs to update in the UK Store'. This is insane. I need to use Logic for a theatre show opening at the weekend. All of the music is in a project in Logic. I am not going back to the UK in the next 24hrs.
AppleSupport: @622667 We've responded to your DM. Look for us there.
Customer: @AppleSupport I was chatting to someone. Then she transferred my to someone else. Then we were cut off.
Customer: @AppleSupport I bought an apple laptop- it was a thousand quid. I bought apple software- it was two hundred quid. I updated my laptop, and now the software doesn't work because I am not in the UK. The work is urgent. This is a disgrace.
AppleSupport: @622667 Please continue to stand by. We have another reply coming in our DM. Thank you for your patience as we help to provide you with a solution. https://t.co/GDrqU22YpT
Customer: @AppleSupport Five hours later: I am on hold.
Customer: @AppleSupport Tech Support just told me that other than going back in time the only way to solve this is to buy Logic Pro again. This is absolutely disgraceful. I recorded the conversation.",17,MACBOOK_GENERAL_ISSUE,"All conversations involve customers reporting unspecified technical problems or malfunctions with their Mac or MacBook devices, prompting support to request further details via DM."
100,"Customer: @AppleSupport please explain why the ios11 update is draining so much battery and charges so slowly on my laptop?? #ios11 #ios11update https://t.co/qtNFAjMO0s
AppleSupport: @136855 We'd love to help. Which version of iOS 11 are you running? Do you experience the same charging issues plugged into a power outlet?
Customer: @AppleSupport I’m running 11.0.3 on my iPhone 6s. I’ve just only used the power outlet once and it was overnight. I couldn’t check it. Any ideas?
Customer: @AppleSupport Auto brightness is turned off. WLAN and Bluetooth is also turned off (even in the settings).
AppleSupport: @136855 Send us a DM and we'll take a closer look at this with you. https://t.co/GDrqU22YpT",3,IOS_11_BATTERY_DRAIN,"All customers report significant battery life degradation or rapid draining specifically after updating to iOS 11, requesting a fix or troubleshooting assistance."
101,AppleSupport: @462350 Hi there. We're here to help. Let's meet up in DM and discuss it. https://t.co/GDrqU22YpT,4,INITIAL_SUPPORT_INQUIRY,All conversations consist of automated responses acknowledging a customer's initial public contact and directing them to private direct messages for further assistance.
102,AppleSupport: @489022 Hello there. Try out this work around until this issue is fixed in a future update: https://t.co/sDSg93LaFu,2,SOFTWARE_BUG_WORKAROUND,Customers are seeking temporary solutions for known software issues that are scheduled to be fixed in future updates.
103,"Customer: @AppleSupport, I completed a 3.7 mile walk workout today but didn’t get my Thanksgiving achievement. https://t.co/1CeL6XH6z6
AppleSupport: @143271 Congrats on completing the activity! We have an article that addresses Activity Badges, https://t.co/xwf6lrIgzJ

Keep in mind, if you complete an achievement, but don't earn the award.
You will earn the award within 9 days of completing the Activity Challenge.
Customer: @AppleSupport Okay, thanks. I was just a little confused since my wife got her achievement right away when she ended the workout after our shared walk.",16,APPLE_WATCH_ISSUE,"All conversations involve customers reporting specific technical problems, bugs, or malfunctions with their Apple Watch devices and seeking assistance to resolve them."
104,"Customer: @124890 Não melhorou. PIOROU!
Sai de casa com 100% de bateria e cheguei no trampo com 92%... SEM USAR!
@AppleSupport please, fiX the battery issue!
AppleSupport: @124889 Since our Twitter support is available in English, get help at https://t.co/IBIY3vMgPj or join https://t.co/pvaOFfPbjt",6,REQUEST_HUMAN_SUPPORT,"Customers are explicitly asking for help, contact, or assistance from a human agent, often expressing frustration with automated responses or seeking to escalate their issue."
105,AppleSupport: @518999 Here’s what you can do to work around the issue until it’s fixed in a future software update: https://t.co/qODbOsp4wz,2,SOFTWARE_BUG_WORKAROUND,Customers are seeking temporary solutions for known software issues that are scheduled to be fixed in future updates.
106,AppleSupport: @509533 Here’s what you can do to work around the issue until it’s fixed in a future software update: https://t.co/xXaXeeSRt9,2,SOFTWARE_BUG_WORKAROUND,Customers are seeking temporary solutions for known software issues that are scheduled to be fixed in future updates.
107,"Customer: @AppleSupport After updating to IOS 11 my alarm that wakes me up every morning and has been for more than 5 years isn’t working?
AppleSupport: @184682 We'd like to look into this with you. Please click here to join us in DM: https://t.co/GDrqU22YpT",0,MESSAGE_NOTIFICATION_PROBLEM,"Customers are reporting issues with receiving or displaying notifications for text messages and other apps, often citing specific iOS versions as the cause."
108,"AppleSupport: @530200 Here’s what you can do to work around the issue until it’s fixed in a future software update: https://t.co/xXaXeeSRt9
Customer: @AppleSupport Since updating iOS 11 I’ve been having tons of Bluetooth dropouts. Is that a known issue?
AppleSupport: @530200 We can help with the Bluetooth connection as well. First, can you tell us the exact iOS version?
Customer: @AppleSupport 11.0.2, Bluetooth worked fine before the upgrade to iOS 11
Customer: @AppleSupport Now I can’t go ten minutes without Bluetooth disconnecting and then maybe reconnecting to speakers
AppleSupport: @530200 Let's back up and update the iOS to see if you notice an improvement. If you don't, meet us in DM. https://t.co/GDrqU22YpT",14,IOS_11_WIFI_BEHAVIOR,Customers are reporting that Wi-Fi and Bluetooth automatically reconnect or turn back on after being disabled in the Control Center following the iOS 11 update.
109,"Customer: @AppleSupport Hi I just applied for a iPhone 8 plus, I got a email saying thanks for order then I got a second email saying we’re unable to complete your order that they was going to try again, but I’ve not heard anything else ? Does that mean I’ve got it ?
AppleSupport: @647079 We’d like to get you pointed in the right direction. Please tell us your country in DM. https://t.co/GDrqU22YpT",1,IPHONE_HARDWARE_FAILURE,"Customers are reporting that their iPhones are not working, have crashed, or have hardware defects, and are requesting repairs, replacements, or refunds."
110,"Customer: @AppleSupport iPhone X crashing to lock screen in a loop every 10 seconds even after restore.

iPhone 7+ crashing every minute or so. Need an acknowledgement of this as a known issue.
AppleSupport: @239567 We would like to take a closer look to see how we can help. DM us and let us know what version of iOS you're using with each iPhone. https://t.co/GDrqU2kzhr
Customer: @AppleSupport iOS 11.1.2

iPhone 7+ and iPhone X.

Apple Store staff said this is a widespread issue affecting users when date rolls over to December 2 in their time zone. Causes reboot loop.
AppleSupport: @239567 DM us and let us know what country you live in. https://t.co/GDrqU2kzhr
Customer: @239567 @AppleSupport No issue here so far on my 7+! 🤞🏼
Customer: @239567 @239570 @AppleSupport And the solution is?  Was happening to my wife’s phone last night.",5,IOS_11_FREEZE_PROBLEM,"All customers report that their iPhones are freezing, crashing, or becoming unresponsive specifically after updating to iOS 11."
111,"Customer: @AppleSupport I have a problem with Apple Music
AppleSupport: @208341 Hi. Tell us what issue you're having with Apple Music in DM and we'll do our best to help. https://t.co/GDrqU22YpT",12,APPLE_MUSIC_PROBLEM,"All conversations involve customers reporting that the Apple Music service or app is not functioning correctly, prompting support to investigate specific technical issues."
112,"AppleSupport: @669168 We can lend a hand. To turn off Wi-Fi, you can go here in your Settings app: Settings &gt; Wi-Fi &gt; Wi-Fi toggle to off
Customer: @AppleSupport If you actually read the tweet you’d see I said that was the ONLY option, unfortunately. I shouldn’t have to toggle WiFi off and on constantly to make a $1000 phone work.
AppleSupport: @669168 We'd love to have you share your feedback on that with us here:  https://t.co/eTPVYVFyd8
Customer: @AppleSupport 👍🏼",14,IOS_11_WIFI_BEHAVIOR,Customers are reporting that Wi-Fi and Bluetooth automatically reconnect or turn back on after being disabled in the Control Center following the iOS 11 update.
113,"Customer: @AppleSupport iphone’s finger print is not working at all after 11.0.2
AppleSupport: @183744 We'd like to look into this with you. Which iPhone are you using that you're experiencing this on?
Customer: @AppleSupport Iphone 5s, also i posted this on 11.0.2 relation question section on your site
AppleSupport: @183744 What happens when you try to use it? Have you tried to program another fingerprint? https://t.co/fQPvR1nRN7
Customer: @AppleSupport I tried to open using my finger after updating but it didnt open i then entered the pin to unlock tried again several times didnt work
Customer: @AppleSupport Then i went into the settings removed old finger prints tried adding new ones but thats not working as well..
AppleSupport: @183744 Do you receive an error when you try to add a new fingerprint? Please send us a DM. https://t.co/GDrqU22YpT",1,IPHONE_HARDWARE_FAILURE,"Customers are reporting that their iPhones are not working, have crashed, or have hardware defects, and are requesting repairs, replacements, or refunds."
114,AppleSupport: @624018 Here’s what you can do to work around the issue until it’s fixed in a future software update: https://t.co/xXaXeeSRt9,2,SOFTWARE_BUG_WORKAROUND,Customers are seeking temporary solutions for known software issues that are scheduled to be fixed in future updates.
115,"AppleSupport: @307430 We recommend trying the steps here: https://t.co/xU1AGHStV6
Customer: @AppleSupport that is a ridiculous work around. how about FIX IT.",19,GENERAL_ISSUE_INQUIRY,All conversations consist of Apple Support requesting more details via DM to address an unspecified issue reported by the customer.
116,"AppleSupport: @339437 This is not the experience we want you to have. Which iPhone model do you own?
Customer: @AppleSupport 6S Plus. After reconnecting it turned on at 14% and now slowly losing battery again.
AppleSupport: @339437 Thanks for those details. We’d like to look further into this with you. To start, please send us a DM. https://t.co/GDrqU22YpT",3,IOS_11_BATTERY_DRAIN,"All customers report significant battery life degradation or rapid draining specifically after updating to iOS 11, requesting a fix or troubleshooting assistance."
117,"Customer: This is going to become a sacrificial lamb for me to make a scene, given none of my #Apple products work correctly @115858 @AppleSupport https://t.co/YWSiRJNDaW
AppleSupport: @544468 It's important to us that you be able to rely on your Apple products. What's going on? We can help with most issues.",17,MACBOOK_GENERAL_ISSUE,"All conversations involve customers reporting unspecified technical problems or malfunctions with their Mac or MacBook devices, prompting support to request further details via DM."
118,"Customer: @AppleSupport u say new update is ready but all I’m getting this. #sortit https://t.co/YaE4f7TT4u
AppleSupport: @416687 Hello! Check out the last paragraph in this article for help: https://t.co/Ui1yTnOCUz Let us know what happens!",10,IOS_UPDATE_PROBLEM,"All customers are reporting issues, bugs, or dissatisfaction specifically related to recent iOS software updates on their devices."
119,"AppleSupport: @569854 We understand your concern, and would like to investigate that. Please DM us to get started. https://t.co/GDrqU22YpT",4,INITIAL_SUPPORT_INQUIRY,All conversations consist of automated responses acknowledging a customer's initial public contact and directing them to private direct messages for further assistance.
120,"Customer: @AppleSupport constantly asked to enter my password for MyExchange will trying to dial my IPhone 7.  Started with IOS 11.
AppleSupport: @603107 We want to look into this. What happens when you enter your password? Does it give you an error?
Customer: @AppleSupport I haven’t entered it.  I just press cancel then it pops up again and again.  Then stops.
AppleSupport: @603107 Understood. When it pops up again, let's try entering your password and let us know the result.
Customer: @AppleSupport I wil give it a try.  Let you guys know ASAP.  Thanks for responding.",8,REQUEST_HUMAN_CONTACT,"Customers are primarily seeking direct communication channels, such as phone numbers or emails, to speak with a representative or escalate their issues."
121,"Customer: My phone is such a piece of shit, it’s been charging for 30 minutes and it’s gone from being on 1% to 10 and back down to 4 😊😊 @AppleSupport
AppleSupport: @589077 Thanks for reaching out to us for support. We would love to help you. Please DM us so that we can troubleshoot together. https://t.co/GDrqU22YpT",3,IOS_11_BATTERY_DRAIN,"All customers report significant battery life degradation or rapid draining specifically after updating to iOS 11, requesting a fix or troubleshooting assistance."
122,"Customer: Hi! How can I transfer my whole Whatsapp-history from Android to iOS? @153604 @AppleSupport @2446
AppleSupport: @247137 We can help. Here's how to move from Android to Apple: https://t.co/5sQIZXtFhM
Customer: @AppleSupport I tried this, but unfortunately my Whatsapp messages are all lost...
AppleSupport: @247137 Let's get to DM to continue. https://t.co/GDrqU22YpT
Customer: @AppleSupport That's okay.",0,MESSAGE_NOTIFICATION_PROBLEM,"Customers are reporting issues with receiving or displaying notifications for text messages and other apps, often citing specific iOS versions as the cause."
123,"Customer: @AppleSupport I can't access work emails from my Macbook Pro? It asks for passcode then AppleID verification, but doesn't provide a box.
AppleSupport: @741580 Let's get you back to being productive with your emails. Do you use iCloud for your work email?
Customer: @AppleSupport Thank you. I appreciate that. Yes, both with my iPhone and Macbook Pro. All fine now with iPhone and now through iCloud, but not mail.
Customer: @AppleSupport Appears to be an issue with iCloud preferences. It asks for password which I provide, then sends me verification code, but no box provided.
AppleSupport: @741580 Let's look into this a little further. Please send us a DM, then we'll go from there. https://t.co/GDrqU22YpT",8,REQUEST_HUMAN_CONTACT,"Customers are primarily seeking direct communication channels, such as phone numbers or emails, to speak with a representative or escalate their issues."
124,"Customer: @AppleSupport please make previous version of iOS available again, this new thing is TERRIBLE
AppleSupport: @325689 We want your iOS 11 experience to be as smooth as possible. What type of issues are you having?
Customer: @AppleSupport Background apps are not staying open so if i click notifications (like twitter dms) it reloads the entire app
Customer: @AppleSupport Takes four seconds to load. Every time. This is absurd.
Customer: @AppleSupport In addition the new podcast app is terrible and the battery life is way low.
Customer: @AppleSupport I use Apple because I like the os more than android. You’re making things more and more like Android. Losing your competitive edge.
AppleSupport: @325689 Let's take a closer look at this. Follow us to DM and we'll continue from there. https://t.co/GDrqU22YpT",5,IOS_11_FREEZE_PROBLEM,"All customers report that their iPhones are freezing, crashing, or becoming unresponsive specifically after updating to iOS 11."
125,"Customer: @AppleSupport my iPhone keeps pocket dialling contacts in my phone, any way of making this stop?
AppleSupport: @184056 We'll be glad to assist you. Is your iPhone set to auto-lock? Tap Settings &gt; Display &amp; Brightness. What is Auto-Lock set to?
Customer: @AppleSupport It’s set to never
AppleSupport: @184056 Try changing the Auto-Lock to a shorter amount of time. Let us know if that helps when your iPhone is in your pocket.
Customer: @AppleSupport It’s helped. Cheers.
AppleSupport: @184056 We are happy to hear that helped. Let us know if we can be of any other help.",0,MESSAGE_NOTIFICATION_PROBLEM,"Customers are reporting issues with receiving or displaying notifications for text messages and other apps, often citing specific iOS versions as the cause."
126,"Customer: @AppleSupport Can movies be downloaded to the Apple TV? I may be going away on business and want to know my options...
AppleSupport: @819833 We have a dedicated Apple TV team who can answer this for you, we’d like to help you reach out to them.
You'll want to first create a support case on our website here: https://t.co/IBIY3vMgPj  Once you have a case number, you can schedule a call.
Customer: @AppleSupport Oh dear Apple Support...it was more of a yes/no question. If I have to make a support case to get a simple answer, why do I have this product?",12,APPLE_MUSIC_PROBLEM,"All conversations involve customers reporting that the Apple Music service or app is not functioning correctly, prompting support to investigate specific technical issues."
127,"Customer: Why can’t I️ type the letter between H and J @AppleSupport
AppleSupport: @591135 Thank you for reaching out. Let's work together. Please send us a DM including which iOS version you have installed. https://t.co/GDrqU22YpT",15,KEYBOARD_TYPING_GLITCH,Customers are reporting a specific bug where typing the letter 'I' results in incorrect characters or formatting issues on their devices.
128,"Customer: @AppleSupport macOS keeps asking for local items keychain password, help me please?
AppleSupport: @249144 We can help get that sorted out. Let's try the steps here: https://t.co/QmAGAPvqRM, and let us know in DM if those don't help. https://t.co/GDrqU22YpT",8,REQUEST_HUMAN_CONTACT,"Customers are primarily seeking direct communication channels, such as phone numbers or emails, to speak with a representative or escalate their issues."
129,"AppleSupport: @178454 Being able to play your music from the lock screen is what we want for you. Which model is it and is iOS 11.0.2 installed?
Customer: @AppleSupport Yes that’s the one!
AppleSupport: @178454 Does this occur when playing music from a third-party app, or the built in Music app?
Customer: @AppleSupport The build in Music App.
AppleSupport: @178454 We'd like to take a further look. Please meet us in DM. https://t.co/GDrqU22YpT",12,APPLE_MUSIC_PROBLEM,"All conversations involve customers reporting that the Apple Music service or app is not functioning correctly, prompting support to investigate specific technical issues."
130,"Customer: @AppleSupport I made a few transactions at the new Apple Store in Downtown Brooklyn today and I haven’t received any of the online receipts yet. Any help?
AppleSupport: @253839 Thank you for reaching out, we'd like to get you pointed in the right direction. We'd recommend reaching out to our Sales Support Team. You can reach them here:  https://t.co/8yjRd1Xo0i",8,REQUEST_HUMAN_CONTACT,"Customers are primarily seeking direct communication channels, such as phone numbers or emails, to speak with a representative or escalate their issues."
131,"Customer: @AppleSupport - having a problem with a subscription- very hard to find a resolution..
AppleSupport: @504920 We'd like to help! Send us a DM with details of what you are experiencing with your subscriptions to proceed. https://t.co/GDrqU22YpT",8,REQUEST_HUMAN_CONTACT,"Customers are primarily seeking direct communication channels, such as phone numbers or emails, to speak with a representative or escalate their issues."
132,"Customer: @AppleSupport votre mise a jour iOS 11.0.3 est une catastrophe, comment peut on laisser des Clients dans un tel désarroi ?? iPhone 6s !
AppleSupport: @754989 We offer support via Twitter in English. Contact us for help in your preferred language here: https://t.co/IBIY3vMgPj",6,REQUEST_HUMAN_SUPPORT,"Customers are explicitly asking for help, contact, or assistance from a human agent, often expressing frustration with automated responses or seeking to escalate their issue."
133,"Customer: What the H is up with this I️ since the new IOS UPDATE? Come on APPLE, you’re better than this! #smdh @AppleSupport
AppleSupport: @485892 We want to help you get things working smoothly. Try following the steps in this link: https://t.co/sDSg93LaFu",9,IOS_11_BUG_REPORT,"Customers are reporting specific issues with iOS 11, and support agents are verifying the exact software version to determine if a recent update resolves the problem."
134,"Customer: I have a query as to why the battery stays steadfast if it is 100 fil !! For a period of time

@AppleSupport @115858 @115858
Customer: @AppleSupport @115858 I have a query as to why the battery stays steadfast if it is 100 fil !! For a period of time 🤔🔧
AppleSupport: @176850 Let's look into this together. Could you tell us more about what's happening? Also, which device are you using?
Customer: @AppleSupport IPhone 6 Silver 16 Giga :) 🙁
AppleSupport: @176850 Thanks. Send us a DM with details of what's happening, and we'll go from there: https://t.co/GDrqU22YpT
Customer: @AppleSupport I suffer from the surface of the iPhone is very slippery like a mirror 😬",3,IOS_11_BATTERY_DRAIN,"All customers report significant battery life degradation or rapid draining specifically after updating to iOS 11, requesting a fix or troubleshooting assistance."
135,"Customer: @AppleSupport Since you changed the Control Center to prevent from *truly* turning off WiFi, can you make WiFi Assist actually work? #ios11
Customer: @AppleSupport I know it can be toggled in settings, more work. Can you make WiFi Assist work *while* connected to wifi that isnt performing at all? #ios11
AppleSupport: @611908 We'd be happy to look into the Wi-Fi Assist issue. Send us a DM with your iPhone model and we'll start there. https://t.co/GDrqU22YpT",14,IOS_11_WIFI_BEHAVIOR,Customers are reporting that Wi-Fi and Bluetooth automatically reconnect or turn back on after being disabled in the Control Center following the iOS 11 update.
136,"Customer: @AppleSupport Attempting to update iPhone 5S to iOS 11.0.2; downloaded but getting error message on installing w/ no further info. Help?
AppleSupport: @196620 We want to help. What is the error message?
Customer: @AppleSupport  https://t.co/3YgnTGTQwv
AppleSupport: @196620 Thanks. Let's continue in DM. https://t.co/GDrqU22YpT",10,IOS_UPDATE_PROBLEM,"All customers are reporting issues, bugs, or dissatisfaction specifically related to recent iOS software updates on their devices."
137,"Customer: @AppleSupport seriously please fix the phantom alarms in your most recent update. #daysleepingalarmsthatarenotset #notcool
AppleSupport: @400568 We can work together to figure this out. To begin, what device and operating system are you using?
Customer: @AppleSupport iPad Air 11.0.2
AppleSupport: @400568 Can you tell us more about the alarm issues your facing? Are they from the Clock app? Do they happen at the same time each day?
Customer: @AppleSupport clock app first It never went off.  I checked the app and it was slid over to green.
Customer: @AppleSupport I turned it off. 20 minutes later my I pad starting ringing with two different sounds.
Customer: @AppleSupport One time it was alarming like crazy and I had to shut down and reboot to stop it
AppleSupport: @400568 Let's make sure you have a backup and update to iOS 11.0.3. Let us now if this helps. https://t.co/80YRnjDFDk
Customer: @AppleSupport Trying to update to 11.0.3 and it seems stuck in “update requested”
AppleSupport: @400568 Are you trying to update over Wi-Fi or cellular data? Let us know in DM. https://t.co/GDrqU22YpT",0,MESSAGE_NOTIFICATION_PROBLEM,"Customers are reporting issues with receiving or displaying notifications for text messages and other apps, often citing specific iOS versions as the cause."
138,"Customer: @AppleSupport hello. Not able to update or download apps. iPhone 7 ios  11.0.3 I live in uk
AppleSupport: @346166 Have you tried on both Wi-Fi and cellular? Send us a DM and let us know. https://t.co/GDrqU22YpT",10,IOS_UPDATE_PROBLEM,"All customers are reporting issues, bugs, or dissatisfaction specifically related to recent iOS software updates on their devices."
139,"Customer: @AppleSupport can you please fix the glitch when typing the letter “i”
AppleSupport: @487599 Thanks for reaching out to us about your keyboard. We recommend checking out this link: https://t.co/xU1AGHStV6
Customer: @AppleSupport Why do I️ need to do this at all? Can’t you guys release a patch to fix it?
AppleSupport: @487599 The article offers a temporary solution and some additional info. Send us a DM if you have any other questions. We're here for you. https://t.co/GDrqU22YpT
Customer: @AppleSupport @487599 This doesn't work to get rid of it either",15,KEYBOARD_TYPING_GLITCH,Customers are reporting a specific bug where typing the letter 'I' results in incorrect characters or formatting issues on their devices.
140,"AppleSupport: @663560 We recently released an iOS update, 11.1.1, that contains a fix for autocorrect issues. Let’s be sure to back up your device prior to updating. How to back up: https://t.co/4f8hwT5to6 https://t.co/GDrqU22YpT
Customer: @AppleSupport Shouts",11,IOS_AUTOCORRECT_BUG,"Customers are reporting a specific issue where the letter 'I' is incorrectly autocorrected or displayed, and support confirms that iOS 11.1.1 contains the fix for this autocorrect problem."
141,"Customer: I’m pretty sure that my phone’s charging my charger and not the other way around as it should be.    @AppleSupport
Customer: @AppleSupport Battery keeps getting drained.. can’t thank you enough for the latest iOS update @115858
AppleSupport: @218886 We're here to help. To clarify, are you saying that your battery drains despite being on the charger?
Customer: @AppleSupport Yes, it drains even when I’m not using the phone while charging. And my phone’s also been relatively slow since the update.
AppleSupport: @218886 This was the 11.0.2 update? https://t.co/80YRnjDFDk Send us a DM and let us know. https://t.co/GDrqU22YpT",3,IOS_11_BATTERY_DRAIN,"All customers report significant battery life degradation or rapid draining specifically after updating to iOS 11, requesting a fix or troubleshooting assistance."
142,AppleSupport: @529769 We'll do everything we can. Were you trying to update your MacBook or your iPhone? https://t.co/GDrqU22YpT,10,IOS_UPDATE_PROBLEM,"All customers are reporting issues, bugs, or dissatisfaction specifically related to recent iOS software updates on their devices."
143,"AppleSupport: @733925 We're happy to help. What happens when taking a screenshot? Also, when you press and hold on a photo, what do you see?
Customer: @AppleSupport Normally, I take a screenshot and hear it, as well as have a chance to edit it. It doesn’t let me do either.
Customer: @AppleSupport When someone sends me a picture via text, I go to save it but it doesn’t save in my albums at all.
Customer: @AppleSupport Also, if I’m sending a text message, sometimes it’s not giving me the keyboard to use
AppleSupport: @733925 DM us using the link below. We'll check into this with you from there. https://t.co/GDrqU22YpT",7,PHOTOS_DISAPPEARED,"Customers are reporting that their photos have vanished, are missing, or are not loading from their device's camera roll or photo library."
144,"Customer: where is download all my music in itunes 12.7 with itunes match?? to my mac!!? @AppleSupport ,please &amp; thanks!
AppleSupport: @699451 That's a great question, to make sure we're on the same page. Is the music not appearing in iTunes at all?
Customer: @AppleSupport You know , I have music in iTunes , But I want to redownload all music I’ve synced to iTunes Match!! Support pages on web are old, I use lat
Customer: @AppleSupport Latest versions !! How to get My music back!? Please!
AppleSupport: @699451 Best way to download it all: 1) Make a new playlist &amp; put everything in the library in that. 2) Download the playlist to the Mac.
Customer: @AppleSupport #finally https://t.co/lEFyOfBQQX",12,APPLE_MUSIC_PROBLEM,"All conversations involve customers reporting that the Apple Music service or app is not functioning correctly, prompting support to investigate specific technical issues."
145,AppleSupport: @196301 We'd like to help. DM us and we can work from there. https://t.co/GDrqU22YpT,4,INITIAL_SUPPORT_INQUIRY,All conversations consist of automated responses acknowledging a customer's initial public contact and directing them to private direct messages for further assistance.
146,"Customer: @AppleSupport @115858 I need help. My phone is messed up. Pls. It’s the iPhone 8. And I just got it a week and 2 days ago.
AppleSupport: @454049 We'll be happy to provide you with our recommendations on how to proceed. What does the error message say?
Customer: @AppleSupport It’s happens randomly if I search something and it freezes sometimes and things won’t load https://t.co/X4JcsCULij
AppleSupport: @454049 Thanks. If using a different search engine in Safari do you receive the same error message? Settings&gt;Safari&gt;Search Engine.
Customer: @AppleSupport I mean it happens randomly so I will have to wait a while and see what happens if it does or not when randomly looking up something but I
Customer: @AppleSupport Will try it, is there one of the specific search engines u recommend
AppleSupport: @454049 If the issue occurs on any other search engine, send us a DM and we can take a closer look. https://t.co/GDrqU22YpT",5,IOS_11_FREEZE_PROBLEM,"All customers report that their iPhones are freezing, crashing, or becoming unresponsive specifically after updating to iOS 11."
147,"Customer: @AppleSupport any ETA to another update? Keyboard disappears from my screen, typing on a Bluetooth
Keyboard!
AppleSupport: @393688 Let’s look into this together. Which device model and operating system are you using when this happens?",17,MACBOOK_GENERAL_ISSUE,"All conversations involve customers reporting unspecified technical problems or malfunctions with their Mac or MacBook devices, prompting support to request further details via DM."
148,"Customer: Dear @AppleSupport, the keyboard is trippin’ with the I️ and it’s seriously impacting my social day. SOS! ⚠️⚠️ #applebug
AppleSupport: @530432 Here’s what you can do to work around the issue until it’s fixed in a future software update: https://t.co/xXaXeeSRt9",15,KEYBOARD_TYPING_GLITCH,Customers are reporting a specific bug where typing the letter 'I' results in incorrect characters or formatting issues on their devices.
149,"AppleSupport: @679455 We want to help get your iPhone charging and working as expected again. To verify, have you tried using more than one charging cable and power source to see if this has any impact? Are you using the cable that came with your device?
Customer: @AppleSupport Yes, I took a special trip to the Apple store to buy 2. chargers the extension one and the regular.. I have used both.. but my phone will not hold that charge
AppleSupport: @679455 Thank you for letting us know. To be clear, is your iPhone charging and draining quickly, or is your iPhone not charging at all?
Customer: @AppleSupport Charging and draining quick
AppleSupport: @679455 Understood. Would you mind please joining us in DM? We'd like to get started on troubleshooting: https://t.co/GDrqU22YpT",3,IOS_11_BATTERY_DRAIN,"All customers report significant battery life degradation or rapid draining specifically after updating to iOS 11, requesting a fix or troubleshooting assistance."
150,"Customer: got an the 8 bc my 6s was such trash and always fucking up and my 8 is fucking up more than my 6s. WHY @AppleSupport
AppleSupport: @249890 We'd like to look into the issues you're having with your iPhone 8. What is your current iOS version? Find it at Settings &gt; General &gt; About. Did you set up your iPhone 8 as new, or restore a backup?",5,IOS_11_FREEZE_PROBLEM,"All customers report that their iPhones are freezing, crashing, or becoming unresponsive specifically after updating to iOS 11."
151,"Customer: Comment retrouver l'app Vidéos sur #IOS11 effacée par erreur et non disponible sur @118936 ?
@AppleSupport
AppleSupport: @739014 We offer support via Twitter in English. Contact us for help in your preferred language here: https://t.co/IBIY3vMgPj
Customer: @AppleSupport How to find the Videos app on # IOS11 erased by mistake and not available on @118936?  (For FRANCE)
AppleSupport: @739014 Thanks for reaching out. If you've accidentally deleted an Apple app, you can redownload with the instructions under section ""Restore a built-in app that you removed"" here: https://t.co/1wjBfT2kGk",10,IOS_UPDATE_PROBLEM,"All customers are reporting issues, bugs, or dissatisfaction specifically related to recent iOS software updates on their devices."
152,"Customer: .@115714 my phone doesn’t send texts or calls anymore. Contacted you and my phone is all in order @AppleSupport tried to fix it too. Any ideas?
AppleSupport: @770391 We know how important being able to reach family and friends is and are here to help! What kind of phone do you have?
Customer: @AppleSupport iPhone 7. Just went thru whole process with you guys to reset everything but made no difference. Your support peeps were great but just checking to see if anyone has other ideas on how to fix it
AppleSupport: @770391 Are you seeing ""No Service"" in the upper left corner of your phone screen? Let us know in DM and we can continue to help. https://t.co/GDrqU22YpT",0,MESSAGE_NOTIFICATION_PROBLEM,"Customers are reporting issues with receiving or displaying notifications for text messages and other apps, often citing specific iOS versions as the cause."
153,"Customer: @AppleSupport I’ve had so many problems with my iPhone 6s which I’ve never had before! Battery life crap, lags, also calls being muted...
Customer: @AppleSupport Since I’ve updated this to the ios11.. speaker doesn’t work when  I make calls... car compatibility when changes tracks on Spotify... &amp; more
AppleSupport: @461220 We want to help today. Which model iPhone do you have, and what version of iOS shows in Settings &gt; General &gt; About?
Customer: @AppleSupport 6s &amp; updated it today to iOS 11.1 which showed as an update when I clicked on software update I wil see if this is better than last update
AppleSupport: @461220 Thank you for this information. If issues continue after the update, send us a DM and we'll work together from there. https://t.co/GDrqU22YpT",5,IOS_11_FREEZE_PROBLEM,"All customers report that their iPhones are freezing, crashing, or becoming unresponsive specifically after updating to iOS 11."
154,"Customer: what happen to find my iphone on icloud site ?@AppleSupport
AppleSupport: @775668 Let us know the issues you're having with Find My iPhone and we'll continue from there.",1,IPHONE_HARDWARE_FAILURE,"Customers are reporting that their iPhones are not working, have crashed, or have hardware defects, and are requesting repairs, replacements, or refunds."
155,"Customer: @AppleSupport do you have any apps for epilepsy so I can detect my seizures thanks in advance
AppleSupport: @116343 Hey, we can provide some guidance. Let's meet in DM and we'll go from there. https://t.co/GDrqU22YpT",17,MACBOOK_GENERAL_ISSUE,"All conversations involve customers reporting unspecified technical problems or malfunctions with their Mac or MacBook devices, prompting support to request further details via DM."
156,"Customer: This is what the lock screen looks like. @AppleSupport is this a setting I’ve managed to change or is this a bug? https://t.co/iK1vAFsU4w
AppleSupport: @680419 Thanks for reaching out. This doesn't appear to be expected behavior. We can definitely look into this further with you. 
Which iOS device are you using? 
Do you have the same results after you restart?
Customer: @AppleSupport Surely a bug. It's back to normal after restart. Using iPhone 7 on iOS 11.1
AppleSupport: @680419 Let's start by getting you up to date with the latest version of iOS 11.1.1. Before updating, it's a good idea to have a current backup. This article will guide you through the process of backing up to either iCloud or iTunes: https://t.co/4f8hwT5to6.",9,IOS_11_BUG_REPORT,"Customers are reporting specific issues with iOS 11, and support agents are verifying the exact software version to determine if a recent update resolves the problem."
157,"Customer: Wow @AppleSupport my device showed a message saying this accessory is not supported and I am using an apple charger that I bought yesterday
AppleSupport: @446388 Check out the ""If an alert says that your accessory isn't supported or certified"" section here: https://t.co/uqxquyfdn0
Customer: @AppleSupport Nah my chargers just fucked, ripped the wire half way down mate, any chance of a refund due to using Poundland materials
Customer: @AppleSupport Due to your company*",1,IPHONE_HARDWARE_FAILURE,"Customers are reporting that their iPhones are not working, have crashed, or have hardware defects, and are requesting repairs, replacements, or refunds."
158,"AppleSupport: @342225 Hi there. We'd love to help. You can turn off Live Photos following these steps: https://t.co/C3E4kiTqdx https://t.co/GDrqU22YpT
Customer: @AppleSupport I’ve done that. In preserve settings its turned to off. Then I turn it off in the camera. Later I open the camera and it’s on again.
Customer: @AppleSupport @342225 Stop sending updates before they actually work, Thanks~ AMERICA !
Customer: @AppleSupport Damn. Now I see. I was treating the preserve setting like an “off” function. I now see it keeps whatever I last chose.
AppleSupport: @342225 We're glad to hear that has been all sorted. Please feel free to reach back out if you have any other concerns.
Customer: @AppleSupport My concern is that there should be a way to turn it off in settings and have removed entirely from my camera app. 😉",7,PHOTOS_DISAPPEARED,"Customers are reporting that their photos have vanished, are missing, or are not loading from their device's camera roll or photo library."
159,"Customer: @AppleSupport fix this please I️
AppleSupport: @206659 Here’s what you can do to work around the issue until it’s fixed in a future software update: https://t.co/qODbOsp4wz
Customer: @AppleSupport I️ tried that and I️t doesn’t work
AppleSupport: @206659 We'd like to look into this further with you. Let's continue in DM together here: https://t.co/GDrqU22YpT",2,SOFTWARE_BUG_WORKAROUND,Customers are seeking temporary solutions for known software issues that are scheduled to be fixed in future updates.
160,"Customer: @AppleSupport since iOS 11 my speaker phone for calls seems to be very low volume for some reason. Any fix for that?
AppleSupport: @160274 Let's work together to determine what might be causing that issue. Is the same behavior happening with music volume?
Customer: @AppleSupport No music volume is fine, it’s just the call volume. Also noticed that alarms don’t make a sound now if my phone is on silent.
AppleSupport: @160274 Has the iPhone been powered off and back on?  If so, does the behavior continue?",12,APPLE_MUSIC_PROBLEM,"All conversations involve customers reporting that the Apple Music service or app is not functioning correctly, prompting support to investigate specific technical issues."
161,"Customer: My @115858 Watch series 2 was charging overnight.  Put it on around 6am. Now at 13%.  Waaaaaay faster than usual. Something weird going on.   @AppleSupport
AppleSupport: @137166  We'd love to make sure all is well with your device. We understand how important it is to keep power on your Apple Watch. Do you recall any actions or changes aside from charging it prior to this observation?
Customer: @AppleSupport Really can't think of anything....any new apps would have auto installed yesterday...didn't do any workout or anything that might stress the battery.....was always close to my phone....
AppleSupport: @137166 We'd be happy to look into this with you more in detail. Please reach out to us via DM and we'll get started.",3,IOS_11_BATTERY_DRAIN,"All customers report significant battery life degradation or rapid draining specifically after updating to iOS 11, requesting a fix or troubleshooting assistance."
162,"Customer: Thanks ios 11 for fucking up my phone😁 @AppleSupport
AppleSupport: @192572 We're here to help. Please tell us what is going on with iOS 11 on your device?
Customer: @AppleSupport It lags nd drains battery life. Ive had my phone for not even a month yet
AppleSupport: @192572 Please DM us so that we can continue troubleshooting together. https://t.co/GDrqU22YpT",3,IOS_11_BATTERY_DRAIN,"All customers report significant battery life degradation or rapid draining specifically after updating to iOS 11, requesting a fix or troubleshooting assistance."
163,"Customer: @AppleSupport with the new update still having problem with (notes) fix it
AppleSupport: @127400 We're always happy to help. What type of issues are you having with Notes?
Customer: @AppleSupport I keep links as shown in the photo but when you press on the link the note take U out to the home page https://t.co/gzYJKUfe5B
AppleSupport: @127400 That's not okay. Let's take a look in DM. Follow us there using the link below: https://t.co/GDrqU22YpT",19,GENERAL_ISSUE_INQUIRY,All conversations consist of Apple Support requesting more details via DM to address an unspecified issue reported by the customer.
164,"Customer: IPhone 7 on IOS 11.1.1.  Went to  bed with 45% left wake up battery all gone. Pls fix this @AppleSupport
AppleSupport: @760957 We’d love to help. First, do you charge with an Apple-Certified cable? If so, will it charge with another cable, power source, or outlet?",3,IOS_11_BATTERY_DRAIN,"All customers report significant battery life degradation or rapid draining specifically after updating to iOS 11, requesting a fix or troubleshooting assistance."
165,"Customer: @AppleSupport Hi, I don't understand how to put videos &amp; photos that i took with my iPhone X on my windows computer when it's plugged on the computer.
When I do it via iCloud, quality isn't at is best.

Also, when I put videos from my PC on it, only 3 of them synchronize

Thanks https://t.co/TOuf0UG9op
AppleSupport: @407240 Congrats on your new iPhone. We can help. To import videos to your computer, you can use this link: https://t.co/KSr0Br9YuG

For moving videos from the computer to your iPhone, do you get any error messages on the computer or your iPhone when trying to transfer them?
Customer: @AppleSupport I had an error message the first time but i closed it too fast. Is there a way to make it appear again ?

The other videos are in the same codec and resolution as the videos that are synchronized
AppleSupport: @407240 Let’s try to unplug the iPhone, restart both it and the computer, and then try to sync them again please.",7,PHOTOS_DISAPPEARED,"Customers are reporting that their photos have vanished, are missing, or are not loading from their device's camera roll or photo library."
166,"Customer: @AppleSupport iPhone 8 on latest IOS, screen auto lock doesn’t work
AppleSupport: @314193 If you go to Settings &gt; Display &amp; Brightness, what is Auto-Lock set to?
Customer: @AppleSupport 2 mins
AppleSupport: @314193 Let's toggle Auto-Lock off and then reboot the device. When it's back on, re-enable Auto-Lock and test.
Customer: @AppleSupport Thank you. It’s now working. Worth looking at for your next round of big-fixes
Customer: @AppleSupport Or bug fixes!
AppleSupport: @314193 We're glad to hear it's working again! Just reach out if you need help again and have a good one.",9,IOS_11_BUG_REPORT,"Customers are reporting specific issues with iOS 11, and support agents are verifying the exact software version to determine if a recent update resolves the problem."
167,"Customer: @AppleSupport what’s up with this i️
AppleSupport: @487793 Thanks for reaching out to us. Check out our article here for assistance regarding this issue: https://t.co/uQeXsrrlXJ",19,GENERAL_ISSUE_INQUIRY,All conversations consist of Apple Support requesting more details via DM to address an unspecified issue reported by the customer.
168,"Customer: @AppleSupport bloody hell battery  is getting drained like never before after 11.3 do u have a fix?!! It’s frustrating
AppleSupport: @556502 Thank you for contacting us today. We'd be glad to assist you with your battery. Please send us a DM. https://t.co/GDrqU22YpT",3,IOS_11_BATTERY_DRAIN,"All customers report significant battery life degradation or rapid draining specifically after updating to iOS 11, requesting a fix or troubleshooting assistance."
169,"Customer: @AppleSupport Hello! My dad’s Apple Watch cannot use Siri nor dictation since watchOS 4. Unpairing/pairing to diff iPhone didn’t work either
AppleSupport: @443312 Let's team up and take a look together. Which iPhone and Apple Watch models do you have? What's the exact OS on each?
Customer: @AppleSupport My dad’s iPhone is iPhone 6s on iOS 11.0.3, his Apple Watch first gen is on watchOS 4.0. My iPhone is a 7 Plus and Watch is Series 3, OS 4.
Customer: @AppleSupport *The iPhone 6s mentioned is actually a 6s Plus
AppleSupport: @443312 Let's get his Apple Watch updated to watchOS 4.0.1 using these steps: https://t.co/s6t9pl6tpv Please keep us posted afterwards.
Customer: @AppleSupport Looking at this Watch, it’s actually already on watchOS 4.0.1. As is mine.
AppleSupport: @443312 Let's try the steps under the section 'If Siri doesn't respond or asks you to try again' here: https://t.co/L0xH9gXYAj DM us: https://t.co/GDrqU22YpT",16,APPLE_WATCH_ISSUE,"All conversations involve customers reporting specific technical problems, bugs, or malfunctions with their Apple Watch devices and seeking assistance to resolve them."
170,"Customer: @AppleSupport Do you read every single iOS Beta Feedback? Because I just sent one about an annoying Music Widget bug, and I want to make sure it’s read so it can be fixed for the next beta, or as soon as possible.
AppleSupport: @165579 We value all feedback. This link will take you to the appropriate place to leave your beta feedback to ensure that it is read: https://t.co/OTNGzDuUXI
Customer: @AppleSupport Thank you!",12,APPLE_MUSIC_PROBLEM,"All conversations involve customers reporting that the Apple Music service or app is not functioning correctly, prompting support to investigate specific technical issues."
171,"Customer: @AppleSupport Why is my iTunes still randomly skipping songs when played over bluetooth?
AppleSupport: @417143 You've reached the right place. We'd like to get to the bottom of what's happening. Which device are we playing the audio from?
Customer: @AppleSupport iPhone 6S. But this also happens with my iPhone 7.
AppleSupport: @417143 Are they both playing to the same Bluetooth speaker/system? Please DM us the answer and we'll pick up from there. https://t.co/GDrqU22YpT",12,APPLE_MUSIC_PROBLEM,"All conversations involve customers reporting that the Apple Music service or app is not functioning correctly, prompting support to investigate specific technical issues."
172,"Customer: @AppleSupport I've been trying to buy an app for an hour, but I only get a ""not available at this time"" error. i just want to give you money
AppleSupport: @187931 Thanks for contacting us. We know the importance of connecting to the App Store. We'd like to help. Which device are you using?
Customer: @AppleSupport I've tried on different days from my iPhone SE (ios11), ipad (ios10.3) and laptop. i get the same error. are some debit cards not accepted?
AppleSupport: @187931 Thanks for this information. What does the error message say? The wording will help us isolate the cause of the issue.",8,REQUEST_HUMAN_CONTACT,"Customers are primarily seeking direct communication channels, such as phone numbers or emails, to speak with a representative or escalate their issues."
173,"Customer: @AppleSupport When I use Siri to add a reminder why does it over write and update and existing reminder?
AppleSupport: @625288 Hello Steven, we'd be happy to look into this with you. To begin, can you provide us which iOS version you're using?
Customer: @AppleSupport IOS 11.1
AppleSupport: @625288 Thanks for providing that. Let's meet in DM here: https://t.co/GDrqU22YpT
Customer: @AppleSupport ?",0,MESSAGE_NOTIFICATION_PROBLEM,"Customers are reporting issues with receiving or displaying notifications for text messages and other apps, often citing specific iOS versions as the cause."
174,"Customer: .@AppleSupport #iOS11 bug report.
4 line signature on (1 of 4) email accounts. Not able to edit signature. Screen closes when text selected. 😞
AppleSupport: @569095 We'd like to look into this with you. DM us which version of iOS 11 you have and if restarting helps at all. We'll help there. https://t.co/GDrqU22YpT
Customer: @AppleSupport All done. Lots of screen grabs.",9,IOS_11_BUG_REPORT,"Customers are reporting specific issues with iOS 11, and support agents are verifying the exact software version to determine if a recent update resolves the problem."
175,"Customer: Hey! @115858 @AppleSupport I am planning to buy the new macbook pro.Can you tell me the best time to buy it at the best price.
AppleSupport: @436002 We'll point you in the right direction. For questions about purchasing, connect here: https://t.co/8yjRd1Xo0i",17,MACBOOK_GENERAL_ISSUE,"All conversations involve customers reporting unspecified technical problems or malfunctions with their Mac or MacBook devices, prompting support to request further details via DM."
176,"Customer: @AppleSupport Since ios 11.0.1 I noticed that Bluetooth gets enabled after some time if not totally disabled
AppleSupport: @643250 We can explain. Disabling Bluetooth/Wi-Fi in Control Center drops current connections. Use the Settings app to fully turn them off.",14,IOS_11_WIFI_BEHAVIOR,Customers are reporting that Wi-Fi and Bluetooth automatically reconnect or turn back on after being disabled in the Control Center following the iOS 11 update.
177,"Customer: @AppleSupport please explain what this is and why it happens whenever I️ use the letter “i” https://t.co/riorDR8d93
AppleSupport: @588998 DM us the device you’re using, and the software version it’s on. We’ll meet you there so we can look into this together. https://t.co/GDrqU22YpT",15,KEYBOARD_TYPING_GLITCH,Customers are reporting a specific bug where typing the letter 'I' results in incorrect characters or formatting issues on their devices.
178,"Customer: @115948 @115858 @AppleSupport @115948 like can i get a refund????
AppleSupport: @686587 We want to help get your Apple Music working as expected. Restart your iPhone and try accessing this music again. If it doesn't work, let us know if this is happening to all music and if it happens on both Wi-Fi and cellular data.",12,APPLE_MUSIC_PROBLEM,"All conversations involve customers reporting that the Apple Music service or app is not functioning correctly, prompting support to investigate specific technical issues."
179,"Customer: Since the new iOS update @AppleSupport my phones lock screen is just a background... any ideas? https://t.co/OwyLiBEtmw
AppleSupport: @423110 Let's look into that. DM us the country you're currently located in and we'll go from there. https://t.co/GDrqU22YpT",1,IPHONE_HARDWARE_FAILURE,"Customers are reporting that their iPhones are not working, have crashed, or have hardware defects, and are requesting repairs, replacements, or refunds."
180,"Customer: @applesupport Bluetooth will not even attempt to connect to available open Bluetooth connections. Does not show any in range. Only my tiles fitbit and computer. Help
AppleSupport: @777931 If you're running into issues with your Bluetooth connection on your iPhone, we'd like to help. To start, which version of iOS is installed? Also, check out this article to help with getting the iPhone connected to Bluetooth: https://t.co/JMbUWh4fsj
Customer: @AppleSupport 11.1.2
AppleSupport: @777931 Let's review the steps outlined here: https://t.co/JMbUWh4fsj DM us if you are still running into issues. https://t.co/GDrqU22YpT
Customer: @AppleSupport if by review the steps and sending me for the third time to a list of reasons this is some fault on my end that is not helpful. When I go to Bluetooth the rotating searching circle just spins nothing else happens.
AppleSupport: @777931 What devices specifically are you having a hard time connecting with? We'd like to dig in on this and we're going to need to move to DM in order to do that. Please join us there. https://t.co/GDrqU22YpT",14,IOS_11_WIFI_BEHAVIOR,Customers are reporting that Wi-Fi and Bluetooth automatically reconnect or turn back on after being disabled in the Control Center following the iOS 11 update.
181,"Customer: Sure would have been nice to have my iPhone X today as scheduled. Thanks @AppleSupport @115858 for cancelling my 3am preorder!!!
AppleSupport: @474173 We've received your DM. Look out for a reply from us there shortly.",1,IPHONE_HARDWARE_FAILURE,"Customers are reporting that their iPhones are not working, have crashed, or have hardware defects, and are requesting repairs, replacements, or refunds."
182,"Customer: di tweet pertama seolah itu informasi betulan dari @115858 / @AppleSupport (serem😬) tapi kita cek dulu pengirim betul dari apple atau bukan??
Customer: @115858 @AppleSupport jelas pengirim pura-pura dari @AppleSupport padahal doi #domain nya https://t.co/AcCkmE4BTJ bukan https://t.co/zXOOLRuIA0 https://t.co/XZDspVC96P
Customer: @115858 @AppleSupport kalo kita cek domainnya ternyata gak terdaftar... ahh,, mungkin itu cuma secuil program email VB untuk nipu.. (pengalaman pribadi)😙 https://t.co/8PTfQ7GwxX
Customer: @115858 @AppleSupport inti dari email itu nyuruh, #mancing, #fishing (ngebodohin) kita biar klik link verifikasiID, kalo diliat linknya mengarah ke --&gt; cek gambar https://t.co/Weq9mpaO4e
Customer: @115858 @AppleSupport pas kita klik, tsadiss tampilannya bener-bener web apple ID 🤪 kalo kita kurang teliti diinputlah itu user dan password,, selesai dah,,,!! https://t.co/c2iXSqztdP
Customer: @115858 @AppleSupport penipu zaman now juga udah maju,, linknya udah bisa dibilang ""KAYAK"" asli link web  @115858  😂 https://t.co/RHjQ8NClrH
Customer: @115858 @AppleSupport padahal klo lebih diteliti, https://t.co/w5DsQee40a(.)com cuma #subdomain &amp; domain aslinya bukan https://t.co/zXOOLRuIA0 tapi --&gt; cekgambar https://t.co/UlI4PhAhHu
Customer: @115858 @AppleSupport pas kita buka doamin aslinya....😂😂😂 https://t.co/RbhS21rlBm
Customer: @115858 @AppleSupport hati-hati yang gaes,, apalagi untuk yg awam tentang beginian (READ:USER), semoga info ini membantu dan membuat gaes-gaes lebih berhati-hati🧐
Customer: @115858 @AppleSupport klo nemu beginian baik email dari @115858 @188 @123765 @126 dll,segera hubungi IT terdekat (IT kantor,Temen /pacar/Mantan yg IT)😅
Customer: @115858 @AppleSupport @188 @123765 @126 atau klo HP error,Listrik mati,remote AC gak fungsi,simcard gak ada sinyal, mau ngehack facebook mantan bisa juga hubungi IT... 😂😂😂😂 (END)
AppleSupport: @753307 We offer support via Twitter in English. Contact us for help in your preferred language here: https://t.co/IBIY3vMgPj",6,REQUEST_HUMAN_SUPPORT,"Customers are explicitly asking for help, contact, or assistance from a human agent, often expressing frustration with automated responses or seeking to escalate their issue."
183,"Customer: @AppleSupport you’ve really messed up with the iPhone 8. It doesn’t even work, freezes up every other day, and doesn’t let me do anything
AppleSupport: @495871 That's never the experience we want you to have. We'd like to see how we can help. Which iOS version are you using?",5,IOS_11_FREEZE_PROBLEM,"All customers report that their iPhones are freezing, crashing, or becoming unresponsive specifically after updating to iOS 11."
184,"AppleSupport: @218264 We'd like to see if we can help with your iPhone. Send us a DM with more information, and we'll continue from there. https://t.co/GDrqU22YpT",18,IOS_VERSION_INQUIRY,All conversations involve support agents requesting the customer's current iOS version and device model to begin troubleshooting.
185,"Customer: Dear @AppleSupport. “Texians” is a real word. Thank you. https://t.co/AiLKELYZJ7
AppleSupport: @663358 We thank you for connecting with us here. For this concern, you can update us via our feedback site here: https://t.co/oWzjJxkvlC",17,MACBOOK_GENERAL_ISSUE,"All conversations involve customers reporting unspecified technical problems or malfunctions with their Mac or MacBook devices, prompting support to request further details via DM."
186,"Customer: Updated my phone now Siri randomly comes on &amp; music randomly stops playing. Fix it! @AppleSupport
AppleSupport: @693551 We want to be sure that you can use Siri and listen to your music as you'd expect. Which music app are you using? Are you connected to any Bluetooth devices when you experience this behavior?
Customer: @AppleSupport Apple Music &amp; Spotify. Connected via apple head phones. No Bluetooth devices
AppleSupport: @693551 OK, to help us isolate the issue, do you experience the same behavior when you don't have headphones connected?
Customer: @AppleSupport No only when headphones connected
AppleSupport: @693551 It sounds simplistic, but have you tried powering off your iPhone completely and restarting? If not, give that a try and let us know if that helps.
Customer: @AppleSupport Tried restarting, Siri still randomly coming on, music stops playing randomly
AppleSupport: @693551 Do you have a different pair of headphones you could use to test with? Does the same issue occur? Please DM us your answer. https://t.co/GDrqU22YpT",12,APPLE_MUSIC_PROBLEM,"All conversations involve customers reporting that the Apple Music service or app is not functioning correctly, prompting support to investigate specific technical issues."
187,"AppleSupport: Did you know you can bring up extra commands in Control Center? 

Try it out using 3D Touch.

Find out more https://t.co/f8M0h2jkOX https://t.co/FApvocqIEZ
Customer: @AppleSupport How about a 3D Touch so I can completely turn off Wi-fi instead of just the crippled disable you setup now? I want it the way I still have it in iOS 10 please!
Customer: @AppleSupport Thank you. I was wondering where the air drop option went. I use it constantly for work👌🏽
AppleSupport: @744292 Thanks for reaching out! We'd recommend leaving that request on our feedback page: https://t.co/eTPVYVFyd8
AppleSupport: @744281 We know how important AirDrop is for sharing files. We can help. To start, can you tell us which device and OS you’re using?
Customer: @AppleSupport Will do, thanks for the support!
Customer: @AppleSupport So can you confirm - if I turn ""off"" wi-fi in the control center in iOS 11, isn't that going to have my phone draining battery because it's looking for a wi-fi connection I don't have?
Customer: @AppleSupport Still waiting for the day i can group notifications by app.
AppleSupport: @744292 That is correct, your phone disconnects from the Wi-Fi and would not start looking for new network connections since auto-join will also be disabled. It will remain disabled until you do one of the steps listed here: https://t.co/G7BHuQnDS6
AppleSupport: @307752 We love suggestions and feedback. Feel free to let your voice be heard here: https://t.co/eTPVYVFyd8
Customer: @AppleSupport Already did very long time ago. :/ Was possible few years ago on my 5S i remember &amp; the feature got removed somewhere along the line with the newer iOS's. i really want to understand the logic of removing a feature &amp; then bringing it back...
Customer: @AppleSupport OK might have crossed items here - so just for clarity - auto-join is off if you turn wi-fi off in iOS 11 control center, so the device will or won't be scanning for open networks?
Customer: @AppleSupport My IPhone X is still in the box until after Xmas. Is that a problem?
AppleSupport: @744292 Turning Wi-Fi off via Control Center will just discconect you from the current network but leave Wi-Fi enabled. You can completely turn off Wi-Fi in Settings &gt; Wi-Fi.
AppleSupport: @432972 Congratulations on your new iPhone X! There shouldn't be anything to worry about with waiting to unbox it. Check out the following page for new features and information on your iPhone X for when you unbox it: https://t.co/pQLZCcEAcu
Customer: @AppleSupport Thanks...great info. I'm going to need this info.
Customer: @AppleSupport Why all the photos in MY PHOTO STREAM turned blurred when I update my iOS? I don’t understand. Please enlighten me.
AppleSupport: @527135 Thanks for reaching out. Our Photos team would love to take a look at this for you. Use this link to contact them: https://t.co/IBIY3vMgPj
Customer: @AppleSupport Thank you!
Customer: @AppleSupport My current issue did not shows in the Topic. Please help me to fix MY PHOTO STREAM. My Photo Stream turned blurred.
AppleSupport: @527135 If you choose iPhone &gt; iOS &amp; Applications you should be able to select ""The topic is not listed."" to get to the right place.
Customer: @AppleSupport Why is it when using the control center to shut off WiFi or Bluetooth, it doesn't turn off.  When you go to settings there still on?
AppleSupport: @271729 What you're seeing is expected. Check out the changes to Bluetooth and Wi-Fi in the iOS 11 Control Center in this article: https://t.co/JxDWijvIa0
Customer: @AppleSupport Thanks
Customer: @AppleSupport Can the Apple watch work without a iPhone, a Best buy rep told me they had to be connected?
AppleSupport: @271729 That's an excellent question!  Check out the ways in which you can use your Apple Watch when you're away from your iPhone here: https://t.co/GzE5FpEnwj
Customer: @AppleSupport I am getting some issues like app freezing on iPhone se when I updated. It to iOS 11.1.2 from iOS 10
AppleSupport: @284744  We'd love to help you. We understand this would make it difficult to use your iPhone as you'd expect to. Do you notice this happens when you use a specific app? Please DM us. https://t.co/GDrqU22YpT
Customer: @AppleSupport Yeah whenever I use Instagram.",14,IOS_11_WIFI_BEHAVIOR,Customers are reporting that Wi-Fi and Bluetooth automatically reconnect or turn back on after being disabled in the Control Center following the iOS 11 update.
188,"Customer: @AppleSupport if I see another thing that’s auto corrected to a stupid ass question mark, I’m gonna go down to your store and raise hell.
AppleSupport: @600760 Thanks for reaching out. We have a workaround for this here: https://t.co/xXaXeeSRt9 DM us if you still need help. https://t.co/GDrqU22YpT",2,SOFTWARE_BUG_WORKAROUND,Customers are seeking temporary solutions for known software issues that are scheduled to be fixed in future updates.
189,"Customer: @115858 @applesupport listen here y’all gone do something about my brightness going up &amp; down and my wifi turning off &amp; on.
AppleSupport: @377053 We'd love to help. On which device are you experiencing these issues? Which software version are you using?
Customer: @AppleSupport iPhone SE. I’m using the latest version of iOS 11 (11.0.3)
AppleSupport: @377053 Thanks for confirming this. Do you notice any change in the Control Center when those issues happen?
Customer: @AppleSupport Yes, my wifi, bluetooth and brightness turn on and off/up and down on it’s own at various times throughout the day.
AppleSupport: @377053 Have you noticed if this happens at different places throughout the day or does this happen while in the same location as well?
Customer: @AppleSupport It happens at places throughout my day.
AppleSupport: @377053 Thanks for confirming this. Send us a DM letting us know which country you live in and we'll work from there: https://t.co/GDrqU22YpT",14,IOS_11_WIFI_BEHAVIOR,Customers are reporting that Wi-Fi and Bluetooth automatically reconnect or turn back on after being disabled in the Control Center following the iOS 11 update.
190,"AppleSupport: @127349 We're here to help. Let us know via DM what is going on, in as much detail as possible, then we'll help out from there. https://t.co/GDrqU22YpT
Customer: @AppleSupport I sent you all a message WITH screenshots!
AppleSupport: @127349 Thank you for reaching out. We received your DM and will continue to work with you there.",19,GENERAL_ISSUE_INQUIRY,All conversations consist of Apple Support requesting more details via DM to address an unspecified issue reported by the customer.
191,"Customer: After the update, apparently my iPhone no longer recognizes the letter I️ and I️t just shows up as a ? on my phone now. Wtf @AppleSupport https://t.co/1jWh3My7AD
Customer: @AppleSupport 🤦🏼‍♀️ https://t.co/EYThD7ySQo
AppleSupport: @171689 Thanks for reaching out! We've got your back. Try these steps and let us know how it goes: https://t.co/xU1AGHStV6
Customer: @AppleSupport Thanks guys!
AppleSupport: @171689 Any time! Let us know if you need anything else, we love to help! We hope you have a great day!",15,KEYBOARD_TYPING_GLITCH,Customers are reporting a specific bug where typing the letter 'I' results in incorrect characters or formatting issues on their devices.
192,"AppleSupport: Face ID. Animoji. Wireless charging. Become an expert on all-things iPhone X with these helpful articles.
https://t.co/JChd1AwZUM
Customer: @AppleSupport How about u just get the phone to me. Stuck in China for 8 days. Expidited fast shipping my ass
Customer: @AppleSupport Will a wireless charging base recharge my iPhone 8 when it has a smart battery case on it?
AppleSupport: @727068 Please reach out to our Apple Online Store Support team for assistance. You can reach them here: https://t.co/8yjRd1Xo0i
AppleSupport: @246432 We're here to help. More information about charging wirelessly with a case can be found here: https://t.co/5850eWPUr4
Customer: @AppleSupport I want help i recieve this message from iTunes is that fake or real https://t.co/YyxPVcQrBx
AppleSupport: @734343 We'd like to help with this. Here is a helpful article. https://t.co/sayPykspsk
Customer: @AppleSupport Can you please fix the glitch where if I open Snapchat, Facebook, and insta my Apple music stops playing in the background it’s so annoying!
AppleSupport: @754786 We’d love to dive deeper into that issue with you. Which device model and operating system are you using when this happens? Meet us in DM with the details. https://t.co/GDrqU22YpT
Customer: @AppleSupport Nope that didn’t help either….Seems odd that all the phones were at the stores for BF and the paying customer before that has to wait. ????
Customer: @AppleSupport Is there any update for the front speaker issue in iPhone x ?
AppleSupport: @770304 We'd love to help with any issue you're experiencing on your new iPhone X. Tell us more about what's happening. Which iOS version are you currently running in Settings &gt; General &gt; About &gt; Version?
Customer: @AppleSupport Is there a function I can change on my iPhone X so my phone automatically goes full screen when I watch a video it’s so annoying having to tap something to get full screen all the time
AppleSupport: @774968 While that feature isn't available, we love feedback and suggestions. Please leave those for us here: https://t.co/eTPVYVFyd8
Customer: @AppleSupport @770304 Every iPhone X I have encountered has the cracking front speaker issue. Hope it’s software related as if it’s hardware thats a lot of phones to recall/replace 😬
Customer: @AppleSupport why this always happen? Pls fix it, always need to restart my iPhone to get it back working https://t.co/Jhoj8UqOFD
AppleSupport: @615723 We see the blank view on the Camera app. Does this happen with both the front and rear cameras? Send us a DM: https://t.co/GDrqU22YpT
Customer: @AppleSupport Does the wireless charging charge the iPhone X within same time frame?
Customer: @AppleSupport Latest version 11.1.2 and it’s the top speaker It seems to be this is speaker’s  vibration sound when making a call sometimes it happens from the beginning of a call and sometimes after 5 or 10 seconds
Customer: @AppleSupport we are not getting anything except bugs and hanging screens
Customer: @AppleSupport Can you try and improve the updates there a bit of a joke you launched the most expensive phone and it’s got more bugs then in my garden
AppleSupport: @664803 Let's take a look at this article. It will tell you more about wireless charging. https://t.co/5850eWPUr4
AppleSupport: @770304 OK, great. Go ahead and send us a DM. We'd like to look into this further with you. https://t.co/GDrqU22YpT
AppleSupport: @788706 We received your DM and we'll work with you there.
Customer: @AppleSupport @770304 We keep telling you and you keep@supplying crap@updates that ruin people’s products that they have paid hard earned £££ for - Crap 🍎 get it sorted you 🤡 👎👎👎👎👎👎👎👎 https://t.co/qa1o0PcTLd
Customer: @AppleSupport Fix ur update 11.1.2 !!! It bugged my phone and a lot of people lost service right after the DL.
AppleSupport: @801133 We'd like to help further with this issue. Have you been able to go through any troubleshooting? Send us a DM after trying these steps: https://t.co/5KootZbxj1. https://t.co/GDrqU22YpT
Customer: @AppleSupport My WiFi connection has been very bad since updating. It constantly cuts in and out and my battery life is laughable. When are you going to fix this?
AppleSupport: @807125 We're happy to help. Let's take a look at this further for you. Reach out to us in DM. https://t.co/GDrqU22YpT
Customer: @AppleSupport Why can‘t I downgrade back to OS 10.3?? The new update is really annoying. Screen freezes, apps don‘t work, battery dies faster... Please fix this! Everyone I know has the same issues! 😠 You can do better!
AppleSupport: @807482 Let's continue in DM. https://t.co/GDrqU22YpT
Customer: @AppleSupport Face ID is a dangerous thing, my friends were able to use my photos to unlock my phone. Sort it out pls!!!
AppleSupport: @813995 Thanks for reaching out! We’d like to take a closer look at this with you. Please let us know your current iOS version in DM. We’ll continue with you there. https://t.co/GDrqU22YpT
Customer: @AppleSupport Hi I would like to ask a question about the iPhone X, Is it alright if is swim with it if I have a screen protector on it?
AppleSupport: @136103 Thanks for reaching out. Please check this link for information about water resistance on your iPhone X: https://t.co/7BYhy7G38U
Customer: @AppleSupport The link didn’t really help me
AppleSupport: @136103 We're sorry about that. The link we provided has some information on what's advisable and what isn't. Generally, it is not advisable to swim with your iPhone even with a screen protector.  Please let us know if you have any other questions!
Customer: @AppleSupport Ok thank you
Customer: @AppleSupport Help me!! My iPhone X, it’s possible? Only one day of use! https://t.co/dwqTosKQDW
AppleSupport: @231162 We'd like to see what we can do to assist. DM us and we'll see if we can't sort this out for you. https://t.co/GDrqU22YpT
Customer: @AppleSupport My iPhone is heating up!
Help!
AppleSupport: @260156 We're happy to look into this with you. Do you ever get a temperature alert on your screen? You can read more here: https://t.co/otCvUAaFQq",1,IPHONE_HARDWARE_FAILURE,"Customers are reporting that their iPhones are not working, have crashed, or have hardware defects, and are requesting repairs, replacements, or refunds."
193,"Customer: @AppleSupport This is how every new lock-screen notification displays iPhone 8+, iOS 11.1 https://t.co/ejeJkbrVPm
AppleSupport: @505224 We'd be happy to help. Have you tried restarting the device? If this does not work, send us a DM. https://t.co/GDrqU22YpT
Customer: @AppleSupport @505224 My wife’s phone is doing this, and no a restart does not fix it. It briefly stops it but then it starts again.
Customer: @505225 @AppleSupport I reset the settings and it seems to have worked.
AppleSupport: @505225 We can help with your wife's iPhone. DM us and we'll look into what's going on. https://t.co/GDrqU22YpT",0,MESSAGE_NOTIFICATION_PROBLEM,"Customers are reporting issues with receiving or displaying notifications for text messages and other apps, often citing specific iOS versions as the cause."
194,"Customer: Still some major issues with Spotify compadability with new ios it won’t show what’s playing on lock screen i had to delete music app too @AppleSupport @115858 @115888
AppleSupport: @567733 We want you to be in control of your music. Can you DM the exact iOS version you're using?  We'll go from there. https://t.co/GDrqU22YpT",12,APPLE_MUSIC_PROBLEM,"All conversations involve customers reporting that the Apple Music service or app is not functioning correctly, prompting support to investigate specific technical issues."
195,"AppleSupport: @759023 Definitely not what we want you to experience. Please let us know which iPhone model you're using, and exactly what's going on since the update. We'd love to help with any issues you're seeing.",13,IPHONE_GENERAL_ISSUE,"All conversations involve customers reporting unspecified problems with their iPhones, prompting support to request general details like device model and iOS version to diagnose the issue."
196,"Customer: Hey @AppleSupport If I recently bought a new android but I am unsatisfied with it and want to switch back to apple, am I able to trade it in
AppleSupport: @709418 Great question! You'll have to see what offers your Android's manufacturer or even your carrier has by reaching out to them.
Customer: @AppleSupport @709418 Keep your Android. OS11 is hot
Customer: @AppleSupport @709418 Horrible *
Customer: @AppleSupport @709418 Android is open-source
You can root it
Android is Linux
download LineageOS and see how it’s cool.
Customer: @AppleSupport @709418 And you can install themes, not like on IOS
Because IOS sucks
Customer: @AppleSupport @709418 Or get a jailbreak, It’s not dying
Customer: @AppleSupport @709418 Btw, what’s your android smartphone? Some Manufacturers are doing shit with android, like Sony and Samsung
Customer: @536818 @AppleSupport @709418 They’re unhappy with the product let them be a human and make their own choices.
Customer: @709421 @AppleSupport @709418 He brought a smartphone, it’s not free
I propose to him a solution 🤷🏼‍♂️
Customer: @536818 @AppleSupport @709418 You say that, because you can't afford an iPhone and you know it's better.
Customer: @667599 @AppleSupport @709418 I got an iPhone 7 rn
Before i got a Samsung galaxy S6 edge
It was good tho
Customer: @667599 @AppleSupport @709418 Btw, IOS looks pretty good
Customer: @709421 @AppleSupport @709418 Btw the nigga blocked me,
Sad..
Customer: @AppleSupport Hey @AppleSupport I just upgraded to iOS 11 and I'm unsatisfied.
Customer: @AppleSupport Wait are you serious @AppleSupport!? All apple stores can trade in android devices. Don’t turn customers away like that!
Customer: @536818 @AppleSupport @709418 Your the only sad “Nigga” here troll
Customer: @AppleSupport Always a dumb answer from you “guys” on @Applesupport or no answer.
Customer: @AppleSupport @709418 Latest iOS update sucks my iPhone 6s+ is all over the place as if it’s on drugs
Customer: @AppleSupport @709418 Android is build for a product of 80 euro:bugs,freeze and crash of applications.Poor quality.No privacy for customers.Bad imitation of Apple
Customer: @709421 @AppleSupport @709418 ._.
Customer: @304885 @AppleSupport They will just tell you to restore the phone as the problem is ‘never’ their fault you see.
Customer: @276117 @AppleSupport lol. Yeah IOS 11 sucks.
Customer: @304885 @AppleSupport It does that.
Customer: @276117 @AppleSupport That's y I downgraded back to iOS 10 while Apple still signed it
Customer: @304885 @AppleSupport Yeh I didn’t manage too blind faith told me 11.0.1 would fix it... balls",1,IPHONE_HARDWARE_FAILURE,"Customers are reporting that their iPhones are not working, have crashed, or have hardware defects, and are requesting repairs, replacements, or refunds."
197,"Customer: @AppleSupport are y’all gonna ever fix this bug where I️ can’t type the letter eye ?
AppleSupport: @183195 Thanks for your patience &amp; understanding! We have a workaround for you. Check it out here: https://t.co/sDSg93LaFu",15,KEYBOARD_TYPING_GLITCH,Customers are reporting a specific bug where typing the letter 'I' results in incorrect characters or formatting issues on their devices.
198,"Customer: @AppleSupport Sooo, why isn’t the clock visible anymore when watching videos and tapping on the screen to toggle controls on the iPhone X? 🤔
Annoys the crap out of me…
AppleSupport: @143272 Thanks for reaching out! Which app are you using to watch the videos?
Customer: @AppleSupport Well, Videos app ;)
In Germany we still don‘t have the ominous TV app…
I’m watching synced videos from iTunes.
Customer: @AppleSupport See for yourselves ;) https://t.co/5iDc41YMgE
AppleSupport: @143272 Thanks so much for the info and screenshot. Do you experience this when you're using other apps as well? https://t.co/GDrqU22YpT
Customer: @AppleSupport Which apps would you suggest? Most apps bring their own interface, clock in YouTube for instance appears just fine.
AppleSupport: @143272 With the iPhone X, you can swipe up on the screen to get back to your Home screen to see the time. We value your opinion and would love it if you could leave feedback about this here: https://t.co/eTPVYVFyd8
Customer: @AppleSupport With all other phones a tap is enough and less interruptive.
Customer: @AppleSupport Even when pulling down the control center, which at least wouldn’t stop playback, there’s no clock.
AppleSupport: @143272 We appreciate the information. While using your iPhone X in landscape mode, you can swipe down from the center to see the time. DM us if this isn't working for you. https://t.co/GDrqU22YpT
Customer: @AppleSupport That’s better than nothing. But you still have to swipe pretty far down. I liked it better before, can’t see why there wouldn’t be any room for the clock and video controls while on my 6s there obviously was. Thanks!
AppleSupport: @143272 You're welcome. Feel free to reach out to us if you have any further questions.  Have a great day!",16,APPLE_WATCH_ISSUE,"All conversations involve customers reporting specific technical problems, bugs, or malfunctions with their Apple Watch devices and seeking assistance to resolve them."
199,"Customer: @AppleSupport my phone is seriously dying within 10 min use! It was literally at 80%. How is it possible?!? #iOS11 😑
AppleSupport: @595162 We want to help with your iPhone's battery. Please DM us details on what apps are in use and we'll work together there. https://t.co/GDrqU22YpT",3,IOS_11_BATTERY_DRAIN,"All customers report significant battery life degradation or rapid draining specifically after updating to iOS 11, requesting a fix or troubleshooting assistance."
200,"Customer: Does anyone want to tell me why I just got a call from my own number? It’s not October anymore @AppleSupport stop tryna be spooky
Customer: @AppleSupport Update: they called me again and I answered but they hung up
AppleSupport: @452982 That's curious. Was this a FaceTime call? What's the iOS shown in Settings &gt; General &gt; About?",0,MESSAGE_NOTIFICATION_PROBLEM,"Customers are reporting issues with receiving or displaying notifications for text messages and other apps, often citing specific iOS versions as the cause."
201,"Customer: @AppleSupport Hey My Iphone Keeps Restarting And Its Turning Itself On And Off What Do I Do ?
AppleSupport: @248715 You're in the right place for help. To ensure we provide the best support, we'd like to gather more information. Does this happen when using specific applications or is it completely randomly? Also, what iOS version is shown in Settings &gt; General &gt; About?
Customer: @AppleSupport It’s Actually a IPod 6th, IOS 11.1.2
AppleSupport: @248715 When the iPod is restarting, is it only starting up to the Apple Logo before it restarts again or are you able to access and use the iPod for a period of time before it restarts again? https://t.co/GDrqU22YpT
Customer: @AppleSupport Access The Ipod Then it Shuts Off Again
AppleSupport: @248715 Got it, thanks. Do you notice this occurs more often when using a particular app or is it any use?
Customer: @AppleSupport It Just Started Today
AppleSupport: @248715 We'd like some additional information to assist. Send us a DM using the link below and we'll continue. https://t.co/GDrqU22YpT",5,IOS_11_FREEZE_PROBLEM,"All customers report that their iPhones are freezing, crashing, or becoming unresponsive specifically after updating to iOS 11."
202,"AppleSupport: Make your Apple ID more secure and keep your personal information safe with two-factor authentication. Here's how it works. https://t.co/lcjIwpnciB
Customer: @AppleSupport One of the worst things Apple got and I had to suffer
Customer: @672994 @AppleSupport You can deactivate it from the Apple ID website.
Customer: @AppleSupport It is a normal behavior the 6-digits code appears IN THE SAME trusted device wherein I'm logging into my Apple ID?
AppleSupport: @245886 We'd like to look into this with your further. Please tell us more about your trouble with logging in via DM. https://t.co/GDrqU22YpT
Customer: @AppleSupport I've had to do it multiple times when I reset my device and how do I change trusted device from old phone to new phone?
AppleSupport: @165258 We're happy to help. Check out the ""View and manage your trusted devices"" section in this article: https://t.co/dSCGMB4BU5
Customer: @AppleSupport My battery is dying very quickly after the 11 upgrade
Customer: @AppleSupport I have a question
AppleSupport: @168280 Let's take a look at this together. DM us your iOS version to get started. https://t.co/GDrqU22YpT
Customer: @AppleSupport @168280 🙋‍♂️🙋‍♂️🙋‍♂️🛎🛎🛎
Customer: @AppleSupport somebody will help me deal with the problem of the iPhone / iPad or not?????!
Customer: @AppleSupport I tried 2-factor last year and had to enter passwords six times a day. Is it fixed now? Real question, thank you💗
AppleSupport: @165259 How can we assist? Let us know the details in DM and we'll start there. https://t.co/GDrqU22YpT
Customer: @AppleSupport I  already wrote to DM https://t.co/JQyY5PpBTH
AppleSupport: @165259 Send us a DM with more information about what you are experiencing and we can go over some options. https://t.co/GDrqU22YpT
AppleSupport: @602635 We'd be happy to make sure two-factor authentication works for you. Send us a DM and we'll start there. https://t.co/GDrqU22YpT
Customer: @AppleSupport Already it is very secure.I am unable to open my ipad mini as i forgot the password.To recover password i got to remember bunch of answers
Customer: @AppleSupport Thank you. I'm writing to you via DM.
Customer: @245886 @AppleSupport Yes right without the password,
Customer: @AppleSupport I hate it,can no longer get my emails via Outlook from https://t.co/thPSyIRDjo
AppleSupport: @276114 We'd like to see if we can help with this. To get started, DM us more information. We'll meet you there. https://t.co/GDrqU22YpT
Customer: @AppleSupport When i open my WhatsApp directly then my phone 📞 show a black screen
Customer: @AppleSupport Kindly do is as soon as possible 
My mail id is- __email__ https://t.co/a37HK15CYL
AppleSupport: @276727 We'd love to look into this with you. What device are you currently using with Outlook?
Customer: @AppleSupport I need your help
Customer: @AppleSupport I can't change time system for my apps on Iphone 6s. It always shows American AM&amp;PM system in every app instead of 24h?
AppleSupport: @280651 There may be a few options to help speed up recovery time. Check them out here: https://t.co/SnE0Z3ADUS
AppleSupport: @605755 Thanks for reaching out. Let's start by trying these steps: https://t.co/3WF5Z1DBGa If the issue persists, let us know by DM. https://t.co/nYknMGviju
AppleSupport: @174696 We’ve received your DM and will continue there shortly. Thank you for your patience.
AppleSupport: @174841 We'd like to help! Are you getting any errors or is the option for 24h not present?
Customer: @AppleSupport In settings I have option to put 24h time system, but it only shows 24h on top of the phone, in every app including Apple apps I get AM&amp;PM.
AppleSupport: @174841 Thanks for letting us know. Can you DM us a few examples of apps you're seeing this behavior in? DM us here: https://t.co/GDrqU22YpT
Customer: @AppleSupport I have a question, can I order flight when I am using nonsecured WiFi? Does it safe?
AppleSupport: @176779 We'd like to be sure we understand your question. You're asking if it's safe to book a flight over an open Wi-Fi. Correct?
Customer: @AppleSupport Correct!
AppleSupport: @176779 Your information is safe on a secure password protected Wi-Fi network. Here's how to connect to one: https://t.co/2NrOWL1Nnw
Customer: @AppleSupport 6sp ios11.1 is really power hungry when I use it!
Customer: @AppleSupport You're Apple ID is so secure, that I'm unable to log into my own iTunes account. #Useless
AppleSupport: @610026 We’ve got your back, we’ll be glad to take a closer look at the battery on the iPhone! Let us know more via DM please. https://t.co/GDrqU22YpT
Customer: @AppleSupport  https://t.co/FbUwcO47Rh
AppleSupport: @610144 We'd be happy to see how we can help. Have you tried resetting your password yet? Here's how: https://t.co/fJnZYmbI9N https://t.co/GDrqU22YpT
Customer: @AppleSupport I can't login to my account and I can't change my Security Question it keeps show me this message : we do not have. Sufficient information .
AppleSupport: @189532 For help with this issue, you'll be best supported by contacting our Account Security team here: https://t.co/UJm15vmMM2
Customer: @AppleSupport Forgot my password. Filled in the recovery form. No reply from Apple in 3 days. What is going on ? No support
Customer: @AppleSupport All done now. But it took a while as the verify number u sent didn't work 3 times!
Customer: @AppleSupport On my MBP with Yosemite I can’t update any app nor download new because verification always fail. How do I turn it off?
AppleSupport: @303257 Our Account Security team would best be able to assist you. You can contact them here:  https://t.co/UJm15vmMM2
AppleSupport: @304181 We've got your DM and will continue there shortly.
Customer: @AppleSupport When I open the link it show me that 
We’re Sorry.
CAS.error.CASWS-INPUT-VAL-01
7ebd72a9-b31f-4a69-8235-9e81ef2a7d10
AppleSupport: @189532 Can you test a different browser or device? If not, connect in your region with the details here: https://t.co/mq28K5VwJP
Customer: @AppleSupport Yes it's working with different country but now when I chose reset Security question it keeps show me that https://t.co/Z8LJWqZ3vo
AppleSupport: @189532 Let's get you in the right direction for support.  Please contact our Apple Security Team here: https://t.co/UJm15vmMM2
Customer: @AppleSupport Why I can't reset my Security question with my Email :(
AppleSupport: @189532 If you are having difficulty with your Apple ID, our Account Security folks should be able to help: https://t.co/UJm15vmMM2
Customer: @AppleSupport This is not 2fa. This is 1.5fa at best. If you care about security, I'm more than happy to bring my compromised devices to your campus.
AppleSupport: @612377 Privacy and security is extremely important to us here at Apple and want to do all we can to help. Join us in a DM here: https://t.co/GDrqU22YpT
Customer: @AppleSupport Why can I not download anything my Apple ID is already in like help me
AppleSupport: @208757 Let’s dig deeper to see what we can find out! What happens when you try to download something? Do you get an error?
Customer: @AppleSupport It doesn't work!
Customer: @AppleSupport @189532 The 2nd step is impossible if the phone is broken.
AppleSupport: @189533 We're here to help. We're currently working with you in DM. Please look for our response shortly.
Customer: @AppleSupport i am not receiving the verifctn code on my trusted numbr despite numerous requests, what could be the problem. cant even use my new device
AppleSupport: @360649 We've got you covered. Check out this guide and let us know if you have questions: https://t.co/gZlEJEsNrU
Customer: @AppleSupport After use the two factor authentication,I can’t login the id again ,how to turn off the 2factor authentication?
AppleSupport: @316822 We can help you. Click here for more information on two-factor authentication: https://t.co/RONuUjClwW
Customer: @AppleSupport No it just does not install
AppleSupport: @208757 Let's meet in DM to explore this more. https://t.co/GDrqU22YpT
Customer: @AppleSupport I got the new iOS update and it worked thank you so much.
AppleSupport: @208757 We're glad to hear it. If you have questions in the future, you know where to find us. Have a great day.
Customer: @AppleSupport If I was to turn it off on my account, how would I do it?
AppleSupport: @203476 We'd love to help. The last question here should be helpful: https://t.co/CtKIA4rhmN
Customer: @AppleSupport But when I go to try and turn it off on your Apple ID page, it gives me security questions that I have never answered before.
Customer: @672994 @245886 @AppleSupport But I tried to disable it from the Apple ID website, but it gave me security questions that I have never answered before.
AppleSupport: @203476 In that case we'll want to get you hooked up with the Apple ID experts here: https://t.co/UJm15vmMM2
Customer: @AppleSupport I can’t verify my identity on the public beta software website.
AppleSupport: @203476 Let's look into this for you. Send us a DM with the exact message you receive on the website. https://t.co/GDrqU22YpT
Customer: @AppleSupport I fixed it. I was trying to enter the verification code on the same device.
AppleSupport: @203476 Thats good to hear. We're glad you were able to resolve the issue.",3,IOS_11_BATTERY_DRAIN,"All customers report significant battery life degradation or rapid draining specifically after updating to iOS 11, requesting a fix or troubleshooting assistance."
203,"Customer: Ok @AppleSupport why are my videos stuck in “Preparing...” when I’m trying to AirDrop files to my MacBook Pro?!
AppleSupport: @808562 We'd like to hear more about this. May we ask what method you're using to Airdrop? How big are the files?
Customer: @AppleSupport Going from my iPhone X to MacBook Pro. Using the photos app on my phone, selecting the file, 4K file about 19 seconds long. I’ve noticed it’s any video from a certain time and before it that’s doing this.
AppleSupport: @808562 Do other files send? Have you tried restarting both devices to see if it helps?
Customer: @AppleSupport Restarted both and still having same issues. Footage I just shot today will transfer. Just older footage won’t.
AppleSupport: @808562 Are the older files in iCloud Photo Library by chance?
Customer: @AppleSupport Yeah they are. Any way for me to get a hold of them?
AppleSupport: @808562 Thank you. If you have the optimize storage on in the iCloud photo library, the files may need to download first. You can check that here: Settings &gt; Photos &gt; Optimize Phone Storage.
Customer: @AppleSupport How can I get them to download?
AppleSupport: @808562 The quickest and easiest way would probably be to download it straight to your Mac. This article can help: https://t.co/c8MyW0Qo56 

Follow the Photos and Videos section.

DM us if you still have questions. https://t.co/GDrqU22YpT",7,PHOTOS_DISAPPEARED,"Customers are reporting that their photos have vanished, are missing, or are not loading from their device's camera roll or photo library."
204,"Customer: @AppleSupport Why do my playlists start over? It seems like every time I connect to Bluetooth they reset.
AppleSupport: @815213 We'd be happy to look into this with you. Could you please confirm what device you're having this issue on?
Customer: @AppleSupport An iPhone X model A1901
AppleSupport: @815213 Thank you for confirming that for us. Could you please also confirm what iOS version you're running?
Customer: @AppleSupport 11.1.2
AppleSupport: @815213 We'd like to look into this further. Could you please DM us with what country you're located in and we'll continue. https://t.co/GDrqU22YpT",12,APPLE_MUSIC_PROBLEM,"All conversations involve customers reporting that the Apple Music service or app is not functioning correctly, prompting support to investigate specific technical issues."
205,"Customer: @AppleSupport Hi, iPhone upgraded to latest iOS software 11.0.3 and now apps keep crashing and the clock alarm doesn’t work. Please help!!
AppleSupport: @549450 We know the importance of your alarms working &amp; your iPhone running smoothly. Please DM us letting us know when you updated. https://t.co/GDrqU22YpT
Customer: @AppleSupport I have messaged but no response so have DM again. This is reallly affecting my work as phone calls are also not working
Customer: @AppleSupport No calls are working. Please advise how I can undo software upgrade",10,IOS_UPDATE_PROBLEM,"All customers are reporting issues, bugs, or dissatisfaction specifically related to recent iOS software updates on their devices."
206,"Customer: Sadece 6000₺ olmasıyla değil, tam 6 saattir güncelleme yapamamasıyla ve açılamamasıyla da rekora koşan bir premium product yani bravo @115858 @AppleSupport ömrümüzü yedin bugün. https://t.co/j6Ll68Lpsy
AppleSupport: @154035 We offer support via Twitter in English. Contact us for help in your preferred language here: https://t.co/IBIY3vMgPj",6,REQUEST_HUMAN_SUPPORT,"Customers are explicitly asking for help, contact, or assistance from a human agent, often expressing frustration with automated responses or seeking to escalate their issue."
207,AppleSupport: @388826 We can assist you with this. Click here to join us in DM. We'll continue there: https://t.co/GDrqU22YpT,4,INITIAL_SUPPORT_INQUIRY,All conversations consist of automated responses acknowledging a customer's initial public contact and directing them to private direct messages for further assistance.
208,"Customer: @115858 @AppleSupport mi batería sigue sin durar nada! Estoy con 40% de batería por ver un vídeo en toda la mañana??? Por dios arregladloo!!
AppleSupport: @457781 We offer support via Twitter in English. Get help in Spanish here: https://t.co/IBIY3vMgPj or join https://t.co/OczyRx7IOs",6,REQUEST_HUMAN_SUPPORT,"Customers are explicitly asking for help, contact, or assistance from a human agent, often expressing frustration with automated responses or seeking to escalate their issue."
209,"Customer: @AppleSupport why ever since I’ve updated my phone does “I️” show up as an “a” and a question mark?? In my predictive text and within apps
AppleSupport: @592178 Hey, we'd like to look closer into that predictive text issue. Can you send us a DM using the link below? https://t.co/GDrqU22YpT",15,KEYBOARD_TYPING_GLITCH,Customers are reporting a specific bug where typing the letter 'I' results in incorrect characters or formatting issues on their devices.
210,"Customer: @AppleSupport Are there any issues in iOS 11 you’re still working out? I have had hesitation and stuttering playing music with Bluetooth and AirTunes since I upgraded.
AppleSupport: @269195 We'd like to look into this with you. What version of iOS 11 do you have installed? DM us. https://t.co/GDrqU22YpT",5,IOS_11_FREEZE_PROBLEM,"All customers report that their iPhones are freezing, crashing, or becoming unresponsive specifically after updating to iOS 11."
211,"Customer: @AppleSupport is this a real apple text? https://t.co/AWNEChn5Rn
AppleSupport: @708494 That appears to be phishing. Since this is a text message communication, we would recommend reaching out to your wireless provider for more details on how to report and prevent these phishing attempts.",8,REQUEST_HUMAN_CONTACT,"Customers are primarily seeking direct communication channels, such as phone numbers or emails, to speak with a representative or escalate their issues."
212,"Customer: @AppleSupport HELP! Loud speaker doesn’t work on my phone anymore 😭😭😭
AppleSupport: @139206 We’d like to help get your speaker working again! Please confirm if this happens during calls only via DM. https://t.co/GDrqU2kzhr",12,APPLE_MUSIC_PROBLEM,"All conversations involve customers reporting that the Apple Music service or app is not functioning correctly, prompting support to investigate specific technical issues."
213,"Customer: My Apple Watch doesn’t charge, help! I don’t know what to do! @115858 @AppleSupport
AppleSupport: @334329 We don't like to hear your Watch isn't charging! Let's look into this. What model of Apple Watch do you have?
Customer: @AppleSupport Series 1
AppleSupport: @334329 How are you charging the device? Does the cable appear damaged?
Customer: @AppleSupport With the original charger. There is nothing wrong with the cable.
AppleSupport: @334329 Let's work through the steps here: https://t.co/WIvZlsk5oQ https://t.co/GDrqU22YpT
Customer: @AppleSupport I already try all this but appears the message “that charging with this accessory isn't supported”.
AppleSupport: @334329 Thanks. Let us know if the device has been restarted, please.
Customer: @AppleSupport Yes, but still not charging
AppleSupport: @334329 We want to look further into this issue. Reach us via DM to continue. https://t.co/GDrqU2kzhr",16,APPLE_WATCH_ISSUE,"All conversations involve customers reporting specific technical problems, bugs, or malfunctions with their Apple Watch devices and seeking assistance to resolve them."
214,"Customer: @AppleSupport problems with ios 11 and notifications and connecting with WhatsApp.
AppleSupport: @500435 Let's look at this together! Could you tell us which Apple device and iOS version you're using?
Customer: @AppleSupport Updated and restarted iPhone, looks fine now!
AppleSupport: @500435 Awesome! Thank you for keeping us updated. If you need any additional support, please let us know.",0,MESSAGE_NOTIFICATION_PROBLEM,"Customers are reporting issues with receiving or displaying notifications for text messages and other apps, often citing specific iOS versions as the cause."
215,"Customer: iOS 11 keeps freezing. Get your shit together @115858 @AppleSupport
AppleSupport: @499252 We'd like to help! Please send us a DM with more details, and we'll get started. https://t.co/GDrqU22YpT",5,IOS_11_FREEZE_PROBLEM,"All customers report that their iPhones are freezing, crashing, or becoming unresponsive specifically after updating to iOS 11."
216,"Customer: poor support from @AppleSupport today trying to get my AirPods fixed 👎
AppleSupport: @273073 Thanks for reaching out. We're here to help. DM us so we can look into this further with you. https://t.co/GDrqU22YpT
Customer: @AppleSupport Love the fact you say you’re there to help, then DM me to say go back to the Support person I was having problems with before. That’s really not helpful! 😡",8,REQUEST_HUMAN_CONTACT,"Customers are primarily seeking direct communication channels, such as phone numbers or emails, to speak with a representative or escalate their issues."
217,"Customer: @AppleSupport my MacBook has these issues but it didn’t start until 1 month after the cutoff date and now no one will help me. https://t.co/HBvhL83CxO
AppleSupport: @597056 We appreciate you reaching out. So that we can look into this further, use the link below to DM us, and we’ll take it from there. https://t.co/GDrqU22YpT",17,MACBOOK_GENERAL_ISSUE,"All conversations involve customers reporting unspecified technical problems or malfunctions with their Mac or MacBook devices, prompting support to request further details via DM."
218,"AppleSupport: @818128 We'd like to help any way we can. DM us and we can work from there. https://t.co/GDrqU22YpT
Customer: @AppleSupport @818128 Seriously terrible support from apple. No one is even bothered to reply @116333
Customer: @708505 @AppleSupport @818128 @116333 exactly. when i told them our problem detailed, they ignored. prob- didn’t know wht 2 do
Customer: @245217 @708505 @AppleSupport @116333 @245217 @116333 honestly they should call it terrible-@AppleSupport! My advice is to upgrade to Google pixel 2xl, one plus 5 or Samsung Note 8, REALLY GOOD 👍",10,IOS_UPDATE_PROBLEM,"All customers are reporting issues, bugs, or dissatisfaction specifically related to recent iOS software updates on their devices."
219,"AppleSupport: @61121 We're here to help. What happens when you try to update your apps? Do you receive any error messages?
Customer: @AppleSupport My iPhone 7 battery drains easily even when I am not using it. I already turned on the low battery function of my phone. Still issue persist
AppleSupport: @185124 We're happy to assist you. DM us your complete software version from Settings &gt; General &gt; About &gt; Version. https://t.co/GDrqU22YpT",3,IOS_11_BATTERY_DRAIN,"All customers report significant battery life degradation or rapid draining specifically after updating to iOS 11, requesting a fix or troubleshooting assistance."
220,"Customer: @AppleSupport I want to know whether my Mac stores Time Machine backups when I don't backup for periods of time??
AppleSupport: @162331 We're here for you. Your Mac will store your Time Machine backups even if you're not creating them regularly.
Customer: @AppleSupport Is there a limit on that?
AppleSupport: @162331 Oldest backups are deleted when the backup disk is full. Here’s more info on Time Machine backups: https://t.co/aT16GG0KcX
Customer: @AppleSupport I meant: is there a limit on my Mac storing the backups on the internal HDD till it can backup to my external disk?
Customer: @AppleSupport Thanks, but I already found a link to that https://t.co/Dfb4uSZ5ju",17,MACBOOK_GENERAL_ISSUE,"All conversations involve customers reporting unspecified technical problems or malfunctions with their Mac or MacBook devices, prompting support to request further details via DM."
221,"Customer: My phone is becoming really slow at processing anything pls help @AppleSupport
AppleSupport: @755842 We'd love to help with this. DM us more details about the issues you're seeing with slowness. Please make sure to include which exact version of the operating system and which model of iPhone you're using, and we'll get started. https://t.co/GDrqU22YpT",5,IOS_11_FREEZE_PROBLEM,"All customers report that their iPhones are freezing, crashing, or becoming unresponsive specifically after updating to iOS 11."
222,"Customer: @AppleSupport phone keeps freezing after the last update along with multiple other issues... sort it please 😡
Customer: @AppleSupport Any chance of you actually responding to my complaint? Can’t open an app without it freezing!
AppleSupport: @307600 We apologize for the delay, but we'd love to help! Does it happen with one app or is it random? Let us know in DM. https://t.co/GDrqU22YpT
Customer: @AppleSupport Done. Sort it ASAP please, it’s absolutely ruined my phone and it’s the only method of communication I have! 😡
AppleSupport: @307600 We've gotten your DM and will continue working with you there. Keep an eye out for our reply.",5,IOS_11_FREEZE_PROBLEM,"All customers report that their iPhones are freezing, crashing, or becoming unresponsive specifically after updating to iOS 11."
223,"Customer: @AppleSupport why is the icon missing? I've deleted and rebackup gives no difference. https://t.co/dGMT7gsGr8
AppleSupport: @499895 Let's check it out together! Which iPhone and iOS version are you using?
Customer: @AppleSupport iPhone 8 plus with iOS 11.1
AppleSupport: @499895 Let's take this to DM so we can better assist you. https://t.co/GDrqU22YpT
Customer: @AppleSupport I've DM already",9,IOS_11_BUG_REPORT,"Customers are reporting specific issues with iOS 11, and support agents are verifying the exact software version to determine if a recent update resolves the problem."
224,"Customer: So, recently I have noticed this on a bunch of my songs. There seems to be a glitch on the cover of songs. @AppleSupport https://t.co/S4qpXDxUEM
AppleSupport: @394453 That is definitely a strange one. Does the issue persist after restarting your device? What iOS version are you on?
Customer: @AppleSupport I have not tried powering the device off by myself yet, but my phone has died in the middle of the night when I forget to plug it in.
Customer: @AppleSupport And I’m up to date with the latest iOS 11 installment
AppleSupport: @394453 Try restarting your device and see if the issue persists. Here is how to do that: https://t.co/OWRDHWSt4h",12,APPLE_MUSIC_PROBLEM,"All conversations involve customers reporting that the Apple Music service or app is not functioning correctly, prompting support to investigate specific technical issues."
225,"Customer: That last iPhone update is horrendous. Everything quits every second. Ugh! @AppleSupport
AppleSupport: @379723 Have your device performing as expected is crucial. We'd be happy to look into this with you. Can you provide us which iOS version is on your device? This can be located in Settings &gt; General &gt; About &gt; Version.
Customer: @AppleSupport I have 11.1.2 installed.
AppleSupport: @379723 Thanks for confirming that. Can you provide us details of the issue you're experiencing?
Customer: @AppleSupport When I try to open almost any app like twitter or the New York Times it looks like it’s loading and then quits. I have restarted my phone at least five times this morning.
Customer: @AppleSupport It also does something strange when my phone restarts. It goes to the white Apple screen, flashes, goes black and then restarts.
AppleSupport: @379723 Got it. Let's look into this in DM here: https://t.co/GDrqU22YpT",5,IOS_11_FREEZE_PROBLEM,"All customers report that their iPhones are freezing, crashing, or becoming unresponsive specifically after updating to iOS 11."
226,"AppleSupport: @297376 Let us know which watchOS version you're using in DM, and we'll continue working together there. https://t.co/GDrqU22YpT
Customer: @AppleSupport @297376 I have the same issue. Watch 2.0 OS 4.0
AppleSupport: @297377 We'd love to help with this. Does a restart of your Apple Watch and iPhone help? Is this happening with only one application?
Customer: @AppleSupport Nope. Just the twitter app. Started happening when twitter discontinued their watch app.
AppleSupport: @297377 Got it. Does the app still appear in the Apple Watch app under 'Installed on Apple Watch'? Let us know in DM: https://t.co/GDrqU22YpT
Customer: @AppleSupport @297376 Yoooo Apple support I need a quick fix please since y’all took off #TapToTweet 😒",16,APPLE_WATCH_ISSUE,"All conversations involve customers reporting specific technical problems, bugs, or malfunctions with their Apple Watch devices and seeking assistance to resolve them."
227,"Customer: @AppleSupport The guy that ""helped"" me today was hostile, and didn't help.
AppleSupport: @158615 That's certainly not the experience that we want you to have. Please send us a DM and tell us more about what happened. Be sure to include where you were speaking with him. If it was in a store, please include the location and time you were there. https://t.co/GDrqU22YpT",8,REQUEST_HUMAN_CONTACT,"Customers are primarily seeking direct communication channels, such as phone numbers or emails, to speak with a representative or escalate their issues."
228,"Customer: So some random person is trying to use my email address for their apple id and now I'm 1) getting spammed with verification emails 2) can't create an apple id using that email address 3) can't login to their apple id (don't know the phone number) 4) no way to tell @AppleSupport
AppleSupport: @223561 We know how important it is to have access to your account, and we are going to do everything we can to help you. Please contact our Apple ID account specialists for support. 

You can reach out to them here: https://t.co/UJm15vmMM2",8,REQUEST_HUMAN_CONTACT,"Customers are primarily seeking direct communication channels, such as phone numbers or emails, to speak with a representative or escalate their issues."
229,"Customer: @AppleSupport Question about syncing: I sent a DM, when you have time, thanks!
AppleSupport: @334898 Thanks for reaching out. We've received your DM and will continue from there. https://t.co/GDrqU22YpT
Customer: @AppleSupport Thanks, I responded. Appreciate it.",4,INITIAL_SUPPORT_INQUIRY,All conversations consist of automated responses acknowledging a customer's initial public contact and directing them to private direct messages for further assistance.
230,"Customer: .@115858 @AppleSupport @116333 this has got to stop. https://t.co/kxxA6F7SjX
AppleSupport: @701814 That issue has been fixed. If your I’s are still getting auto-corrected to question marks in a box when you type, that would mean you're still using an old version of software on your device. Get your device up to date in Settings &gt; General &gt; Software Update.",15,KEYBOARD_TYPING_GLITCH,Customers are reporting a specific bug where typing the letter 'I' results in incorrect characters or formatting issues on their devices.
231,"Customer: @AppleSupport my iPhone x battery is getting drained even when its kept at home in box. Pls help
AppleSupport: @161904 We want to be sure you get the most out of your iPhone battery life. Send us a DM so we can look into this further with you. https://t.co/GDrqU22YpT
Customer: @AppleSupport Sent",3,IOS_11_BATTERY_DRAIN,"All customers report significant battery life degradation or rapid draining specifically after updating to iOS 11, requesting a fix or troubleshooting assistance."
232,"AppleSupport: @290987 We'd love help you clear up some space. Check out this link and let us know if you have questions: https://t.co/oZ7w05bltX
Customer: @AppleSupport Hahaha I’ve been to that preference many times, but it keeps changing after every update. I just never want a reminder to buy storage.
Customer: @AppleSupport And it took most of those without my knowledge in the first place. Now it tells me every save and is under every document in my folders.
Customer: @AppleSupport Even if and when I change the setting back, you’ll always have our documents yet will also be telling me to pay for more storage. Nice job.",17,MACBOOK_GENERAL_ISSUE,"All conversations involve customers reporting unspecified technical problems or malfunctions with their Mac or MacBook devices, prompting support to request further details via DM."
233,"Customer: @AppleSupport Got 2 confirm emails and numbers after ordering my #iPhoneX but only ordered 1. How do I check?
AppleSupport: @142571 Let's look into this for you. This page can guide you on checking your order status: https://t.co/jr7MZtpSNY https://t.co/GDrqU22YpT
Customer: @AppleSupport Already taken care of. 2 hours on phone and chat this morning. Thx.",8,REQUEST_HUMAN_CONTACT,"Customers are primarily seeking direct communication channels, such as phone numbers or emails, to speak with a representative or escalate their issues."
234,"Customer: @AppleSupport have just updated my iPhone 6s to latest 11.1.2.  Battery life is awful. Basically drained on around 4 hours whereas I’d normally expect 10 hours with the same kind of usage.  Can you fix this ASAP?
AppleSupport: @765690 You’re in the right spot and we’ll do everything we can to help you. It sounds like you updated iOS within the last few hours, is that right? Have you restarted your iPhone since installing the last update? Let us know in DM, please. https://t.co/GDrqU22YpT",3,IOS_11_BATTERY_DRAIN,"All customers report significant battery life degradation or rapid draining specifically after updating to iOS 11, requesting a fix or troubleshooting assistance."
235,"Customer: Ok @AppleSupport why is the weird question mark box thing happening if you try to type just a capital letter eye
AppleSupport: @754986 No question is weird as you're seeking our help and we're here to help. Which model is it and which OS version?
Customer: @AppleSupport 7+ and it’s the newest iOS. I️ see this on here, IG, BBM https://t.co/ZPocrZlpQd
Customer: @AppleSupport Oh. Snapchat too. Only place it doesn’t do it is regular text messages
AppleSupport: @754986 Is iOS 11.0.3 the version installed and when did this start? Any steps tried on your own since this started?
Customer: @AppleSupport Yes. That’s the iOS. Started today. And no I️ haven’t tried anything
AppleSupport: @754986 Let's reset the Keyboard Dictionary from here, then restart it to test for the same issue: Settings &gt; General &gt; Reset
Customer: @AppleSupport Ok
Customer: @AppleSupport That might have worked I️ I’m I’ve
Customer: @AppleSupport Nope
AppleSupport: @754986 We'll want to try removing your iCloud account, restart, then reset the Keyboard Dictionary again, restart once more, then test.
Customer: @AppleSupport How do I️ remove my iCloud account? I’m kind of nervous to do that
Customer: @AppleSupport That did not work
AppleSupport: @754986 Let's continue within DM here: https://t.co/GDrqU22YpT",15,KEYBOARD_TYPING_GLITCH,Customers are reporting a specific bug where typing the letter 'I' results in incorrect characters or formatting issues on their devices.
236,"Customer: @AppleSupport hello, my iphone 6 keeps freezing and crashing apps with the new iOS 11.0.2 and it got really slow. is there going to be an update to fix that? ive seen that many people have this issue.
AppleSupport: @293644 Let’s look into this together. Which apps are slow to respond or are closing unexpectedly on your iPhone 6?
Customer: @AppleSupport mostly instagram, whatsapp, twitter, facebook (+ messenger), the camera app, sometimes the clock app too
Customer: @AppleSupport sometimes the lock screen is messed up when i get push notifications, the time just disappears and the unlocking is sometimes very slow
AppleSupport: @293644 Let's investigate further. Please send us a DM. We'll continue to troubleshoot there. https://t.co/GDrqU2kzhr",5,IOS_11_FREEZE_PROBLEM,"All customers report that their iPhones are freezing, crashing, or becoming unresponsive specifically after updating to iOS 11."
237,"Customer: @AppleSupport Im Having Problems With The Life Of My Battery On My IPhone 7 Which Is Running On IOS 11.1.2. Need Help With This ASAP😰.
AppleSupport: @819562 We appreciate you reaching out to us to resolve this issue. Let's hop into DM and go from there. https://t.co/GDrqU22YpT",3,IOS_11_BATTERY_DRAIN,"All customers report significant battery life degradation or rapid draining specifically after updating to iOS 11, requesting a fix or troubleshooting assistance."
238,"Customer: @AppleSupport since I️ updated to 11 my phone says it’s charging but after an hour on the charger it’ll tell me the battery has gone down.
AppleSupport: @572843 Here’s what you can do to work around the issue until it’s fixed in a future software update: https://t.co/qODbOsp4wz
Customer: @AppleSupport Not sure how that is going to fix my phone saying it’s charging when it isn’t....
AppleSupport: @572843 Thank you. Please DM us and provide some additional details about the issue you're having. We'd be happy to help. https://t.co/GDrqU22YpT",3,IOS_11_BATTERY_DRAIN,"All customers report significant battery life degradation or rapid draining specifically after updating to iOS 11, requesting a fix or troubleshooting assistance."
239,"Customer: I am very angry ... and I decided to give up your products for ever @AppleSupport @115858
AppleSupport: @218375 We want to help you. How can we assist you today?
Customer: @AppleSupport @AppleSupport https://t.co/1TwkWaUDeQ
Customer: @AppleSupport  https://t.co/RPFzCAXu9d
AppleSupport: @218375 Thank you for these details. Please DM us via the following link and we'll help you further. https://t.co/GDrqU22YpT",4,INITIAL_SUPPORT_INQUIRY,All conversations consist of automated responses acknowledging a customer's initial public contact and directing them to private direct messages for further assistance.
240,"Customer: @AppleSupport the camera preserve setting feature does NOT preserve the settings.  Is this being looked at? 🍏
AppleSupport: @327686 Let's work on it. Which iOS version number is installed (e.g. 10.3.3, 11.0.3, etc)? Have you tried any troubleshooting yet?
Customer: @AppleSupport 11.0.2 iPhone 7plus.  I keep making sure my settings are correct.  Have restarted a lot. My friends have the same problem.
AppleSupport: @327686 Got it. When did this issue first occur? Did you install any new update? Let us know via DM. We'll go from there. https://t.co/GDrqU22YpT",7,PHOTOS_DISAPPEARED,"Customers are reporting that their photos have vanished, are missing, or are not loading from their device's camera roll or photo library."
241,"Customer: @AppleSupport i cant update apps I downloaded with a different id from the one im using rn and i dont want to delete them and download again
AppleSupport: @483591 Managing multiple accounts can be tricky. We can help. Learn how Family Sharing can benefit you here: https://t.co/ckptoWI7iV",8,REQUEST_HUMAN_CONTACT,"Customers are primarily seeking direct communication channels, such as phone numbers or emails, to speak with a representative or escalate their issues."
242,"Customer: @AppleSupport The volume button does not control ringer volume after update on IPhone6S. Is this being looked at?
AppleSupport: @174837 We'd love to help. Let's go to Settings&gt; Sounds&gt; Change with Buttons and let us know if that is enabled.
Customer: @AppleSupport Yes. Thanks for your help
AppleSupport: @174837 You're very welcome. Please reach out to us in a DM if you are still having issues with the volume button. https://t.co/GDrqU22YpT",12,APPLE_MUSIC_PROBLEM,"All conversations involve customers reporting that the Apple Music service or app is not functioning correctly, prompting support to investigate specific technical issues."
243,"AppleSupport: Get to your favorite apps faster on #AppleWatch. 

Here's how to add them to the Dock in watchOS 4. https://t.co/RulpYovj87
Customer: @AppleSupport i can’t update my apps via cellular or wi-fi this couple days... my internet is fine... i’ve tried reset my setting but nothing. https://t.co/WY23jWHiWb
AppleSupport: @572114 We're happy to help. Have you checked your restriction settings? Are you sign in with the correct Apple ID? Let us know in DM: https://t.co/GDrqU22YpT
Customer: @AppleSupport I can no longer use my fingerprint as a passcode. This only happened after updating my IOS and nothing I have done has worked. Help!!!
Customer: @AppleSupport My iPhone X pre-order reservation code is not letting me complete the order. Being up late for an IPhone X on launch day was wasted. Help!
AppleSupport: @432490 We've got some steps for you to take: https://t.co/OOLuysF60o
Customer: @434279 @AppleSupport Mine reservation code says We’re sorry. We can’t find your reservation. Please verify your information and try again.?? Not sure what to do.
Customer: @AppleSupport Iphone 7 strange glitches, sometimes all apps looks as if some invisible finger is pressing on particular app ,when i am actually not.
Customer: @AppleSupport @572114 Happy 😃 IOS 11.0.3 not ... failed failed failed - sort it out Apple
AppleSupport: @434279 Apple Online Store Support is the best place for help with your order. You can reach them here: https://t.co/8yjRd1Xo0i
AppleSupport: @434038 We're glad to help. We've received your DM, and will reply there shortly.
Customer: @AppleSupport Thank you. I'll have to call Apple Support as I've tried the suggested solutions and none worked.
AppleSupport: @267168 We'd certainly like to look into this with you. Send us a DM with more details so we can get started. https://t.co/GDrqU22YpT
AppleSupport: @432490 Feel free to shoot us a DM if you'd like to continue working together here. https://t.co/GDrqU22YpT
Customer: @287512 @AppleSupport yeah it’s so fucking annoying
Customer: @572114 @AppleSupport I really is ... 🍎 don’t care a jot that their update has caused so many issues - Apple 🍎 need to get their finger out 👎👎👎👎👎
Customer: @AppleSupport iOS 11.0.3 having problems on iPhone 5s.. glitching problems has happened to me and others with an iPhone se. https://t.co/0dFFr3AUZg
AppleSupport: @741841 We want to help you. DM us, and let us know what's going on exactly. We'll look into this. https://t.co/GDrqU2kzhr",10,IOS_UPDATE_PROBLEM,"All customers are reporting issues, bugs, or dissatisfaction specifically related to recent iOS software updates on their devices."
244,"AppleSupport: Double-click the side button on iPhone X to make easy and secure purchases with Apple Pay. https://t.co/KdLSPcWBDv
Customer: @AppleSupport Not working for me. Do you have to be in front of a payment kiosk? I have the iPhone X
Customer: @AppleSupport Do you have a release date for South Africa?
Customer: @AppleSupport When is Apple Pay cash coming?
AppleSupport: @681214 We can help you with this. Keep an eye out for upcoming release information on this page: https://t.co/pLvnMv72bf
AppleSupport: @474349 You should still be able to pull up Apple Pay even if not near a reader, but to clarify, have you added any cards to your wallet yet? If not, you'll want to start there. https://t.co/Saz92f9xOE

Also, which exact iOS version do you have installed?
AppleSupport: @180634 Thanks for the question! We do not have that information available, but keep an eye on our Newsroom for further developments: https://t.co/cM4ITGrQ83
Customer: @AppleSupport Turns out that all my credit cards needed to be readded. Now it works. Weird because they were already on my Apple watch 3rd gen. New iPhone X didn't transfer the wallet cards. Works now.
AppleSupport: @474349 Great. We're happy to hear it. If you need anything else moving forward, don't hesitate to let us know.
Customer: @AppleSupport Perhaps a little off topic but is the button press really as soft as the video suggests, the side button on my 6s takes a lot more force than it appears in the video.
AppleSupport: @392213 We're glad to help in any way we can. For questions regarding specific product features and comparisons between iPhone models, you'll want to reach out to our Apple Online Store team for further assistance here: https://t.co/RmFSlCBcIE
Customer: @AppleSupport Thanks but I guess I was just asking if the side button on the X is a touch sensor, the video sort of suggests it is.
AppleSupport: @392213 Got you! The side button on iPhone X is elongated compared to previous models of iPhone, and still a physical mechanical button. Here's a link with information all about the advanced technologies in iPhone X: https://t.co/ngwnmNILIr
Customer: @AppleSupport Thanks
AppleSupport: @392213 You're totally welcome! We understand wanting to know all the details. If you have any other questions, or there's anything else we can help with, we're happy to help anytime!
Customer: @AppleSupport Please my Apple ID was disabled and I have followed all methods to get it enabled and still can’t get it done... I have $112 in my iTunes Apple account and now I can’t get to purchase anything with it.... please I need this issue fixed like ASAP thank you
Customer: @AppleSupport Apple don’t resolve battery drain problem and heat problems
Customer: @AppleSupport My iPhone X sucks with super crackly speakers
Customer: @AppleSupport Explain? Orange flash on the iPhone X? More faults with your handsets? https://t.co/fFsCOlUc23
AppleSupport: @691771 We've received your Direct Message to us as well. We will respond to you there shortly, to assist you with this issue. Thank you.
AppleSupport: @691762 We're more than happy to look in to any issues you're experiencing. Please let us know in DM what's happening and we'll go from there. https://t.co/GDrqU22YpT
Customer: @AppleSupport I await your response in email
AppleSupport: @699616 Hey, we want to make sure we check this out and see what's going on with your new iPhone. Let's try all the suggestions here and let us know if that helps: https://t.co/4Kux8rhhGX
AppleSupport: @692144 We’d like to look into this. Does this only happen with the Slo-mo camera setting? We can't see a case, but is there any protective covers on the iPhone X?
Customer: @AppleSupport Only happed with the slow motion. Yes there is a protective cover which does not cover the cameras or flash in any way
Customer: @AppleSupport Case is the Spigen Tough Armor
Customer: @AppleSupport  https://t.co/XIoeH2lHpo
AppleSupport: @692144 Good to know. Can you remove the case from the rear camera and test the issue to confirm? Let us know the results in DM. https://t.co/GDrqU22YpT
Customer: @AppleSupport There is no case on the rear camera or protective covered. As I said. I have a case on the phone which doesn’t cover the camera module in anyway
AppleSupport: @692144 Let's continue in DM so we may better assist you. https://t.co/GDrqU22YpT
Customer: @AppleSupport I’ve just upgraded my Mac to the current OS. Now photo constantly hangs. It’s drive nag me nuts.
AppleSupport: @697424 We'd love to take a look!  To ensure you're in the best hands possible, we'd suggest reaching out to our team that specializes in Photos at: https://t.co/bQJbqFQpgP
Customer: @AppleSupport It did not help on but this is the second replacement iPhone I have had! It’s ridiculous and I know other people have the same issue!!!!!
AppleSupport: @699616 Let's go ahead and meet in DM and we can work towards a resolution. https://t.co/GDrqU22YpT
Customer: @AppleSupport When will Apple Pay finally come to Germany?
AppleSupport: @711548 Thanks for reaching out to us. We would love to help you. When you have a free moment, please check out the following link for support: https://t.co/jCshixaXJo
Customer: @AppleSupport I‘d like to continue in my DMs.
AppleSupport: @711548 Thanks for reaching back out to us. Are you experiencing an issue with Apple Pay? If so, please tell us a little about what is going on? https://t.co/GDrqU22YpT
Customer: @AppleSupport No I haven’t got any issue. It’s just me wanting to know when Apple Pay will launch in Germany. Because until now it’s not available yet.
Customer: @AppleSupport The double-click side button isn't working -- it's greyed out.  I have two cards added.  Any ideas?
AppleSupport: @777193 Let's take a look and we'll get this figured out! Which device is this on and which version of the iOS is installed? Also, which country are you currently in?",1,IPHONE_HARDWARE_FAILURE,"Customers are reporting that their iPhones are not working, have crashed, or have hardware defects, and are requesting repairs, replacements, or refunds."
245,AppleSupport: @295829 We want to make sure your iPhone is working as expected. Provide us more details with what's going on so we can help.,13,IPHONE_GENERAL_ISSUE,"All conversations involve customers reporting unspecified problems with their iPhones, prompting support to request general details like device model and iOS version to diagnose the issue."
246,"AppleSupport: @599919 We want you to have a good experience with the update. Are you charging the iPhone with the cable that came with it?
Customer: @AppleSupport Yeah!
AppleSupport: @599919 Send us a DM with the country that you are located in and we will continue from there. https://t.co/GDrqU22YpT",10,IOS_UPDATE_PROBLEM,"All customers are reporting issues, bugs, or dissatisfaction specifically related to recent iOS software updates on their devices."
247,"Customer: @AppleSupport please fix this. https://t.co/IdepdNBW65
AppleSupport: @497975 Thanks for reaching out. We have a workaround for this here: https://t.co/xXaXeeSRt9 DM us if you still need help.",2,SOFTWARE_BUG_WORKAROUND,Customers are seeking temporary solutions for known software issues that are scheduled to be fixed in future updates.
248,"Customer: @AppleSupport the top of my iPhone X isn’t working. I can’t get to the. Originations screen, control center, and the search bar will not work. When I click the top it clicks links behind or directly under it
AppleSupport: @252873 Thank you for reaching out. Let’s work together so you can completely enjoy that new iPhone X. To start, have you tried restarting the iPhone since this started happening?
Customer: @AppleSupport Yes, and I reset it
AppleSupport: @252873 Got it. When did this first start happening? Are you able to see the image at the top of the screen? Is this happening with all apps and screens? Also, which iOS is on the iPhone? You can find the exact version by going to Settings &gt; General &gt; About.
Customer: @AppleSupport 11.2 and I think it started this morning. Everything is at the top it’s just unpressable. It happens on all apps but not all screens, I think it’s just when there’s a “header” at the top. Control center and notifications won’t come down no matter what though
AppleSupport: @252873 Understood thanks. Does the issue continue with the same area of the screen when in landscape mode?
Customer: @AppleSupport It’s hard to tell, nothing really reaches that far when I try. I have noticed that if I want to select something I have to start above it and drag my finger down to what I’m trying to press and then it’ll work
AppleSupport: @252873 Thanks for testing. We'd like to confirm some additional information with you. Send us a DM using the link below and we'll continue. https://t.co/GDrqU22YpT
Customer: @AppleSupport @252873 @AppleSupport my iPhone keeps restarting itself every minute or two then powers off after 30 seconds. Please help I am a doctor on call right now and need working phone
AppleSupport: @252874 Let's get your iPhone working as it should. Check out https://t.co/VvefsRfjiM for details and steps to help with this issue. Be sure to create a backup before beginning. DM us if you have additional questions. https://t.co/GDrqU22YpT
Customer: @AppleSupport I sent the private message but have yet to get a response",9,IOS_11_BUG_REPORT,"Customers are reporting specific issues with iOS 11, and support agents are verifying the exact software version to determine if a recent update resolves the problem."
249,"Customer: @AppleSupport that's never happened before.
AppleSupport: @795729 The security of your account is very important, and we're happy to help. Follow up with us in DM. We'll take a closer look with you there. https://t.co/GDrqU22YpT",8,REQUEST_HUMAN_CONTACT,"Customers are primarily seeking direct communication channels, such as phone numbers or emails, to speak with a representative or escalate their issues."
250,"AppleSupport: @656940 If you'd like assistance, we can help. Which iOS version is installed? Does this happen when you enter text or when viewing text from another iOS device? Tell us more in a DM. https://t.co/GDrqU22YpT",9,IOS_11_BUG_REPORT,"Customers are reporting specific issues with iOS 11, and support agents are verifying the exact software version to determine if a recent update resolves the problem."
251,"Customer: @AppleSupport 
My pod is broken can u fix it
AppleSupport: @191567 We're glad to work with you. What's your iPod model and what issue are you having?
Customer: @AppleSupport @191567 i have been to apple about this and it is brock",12,APPLE_MUSIC_PROBLEM,"All conversations involve customers reporting that the Apple Music service or app is not functioning correctly, prompting support to investigate specific technical issues."
252,"Customer: @AppleSupport my contacts are showing up as their numbers and not their names in iMessage. Why?
AppleSupport: @211526 Great question; let's find out what's going on! To start, can you let us know which device and iOS version you're using?
Customer: @AppleSupport An iPhone SE. OS 11.0.2.
AppleSupport: @211526 Had there been any changes made to the device before this happened? Were any updates installed, or were any accounts removed?
Customer: @AppleSupport None other than I just did the most recent update.
AppleSupport: @211526 Let's continue the conversation in DM. https://t.co/GDrqU22YpT",0,MESSAGE_NOTIFICATION_PROBLEM,"Customers are reporting issues with receiving or displaying notifications for text messages and other apps, often citing specific iOS versions as the cause."
253,"Customer: @AppleSupport when want my Bluetooth off, I mean OFF. Not turn yourself back on later. #ontoandroid
AppleSupport: @665170 We'd be happy to review this further for you. Please DM us your Apple device and the current software version installed. We'll go from there. https://t.co/GDrqU22YpT",14,IOS_11_WIFI_BEHAVIOR,Customers are reporting that Wi-Fi and Bluetooth automatically reconnect or turn back on after being disabled in the Control Center following the iOS 11 update.
254,"Customer: @AppleSupport After updating to macOS High Sierra version 10.13.1 I have not been able to connect to my internet router. My other devices that are connected to the same internet work fine. Connecting with a hotspot works. How do I fix the main internet connection? https://t.co/ofjahv1wOR
AppleSupport: @670131 Let's work on a solution together. To start, please DM us with the model Mac you're using and the country where you're located. We look forward to working with you. https://t.co/GDrqU22YpT",17,MACBOOK_GENERAL_ISSUE,"All conversations involve customers reporting unspecified technical problems or malfunctions with their Mac or MacBook devices, prompting support to request further details via DM."
255,"Customer: @AppleSupport upgrade to IOS 11 on calendars my up coming event doesn’t so .what should I do
AppleSupport: @293260 Let's look into that. Send us a DM and we'll go from there. https://t.co/GDrqU22YpT",10,IOS_UPDATE_PROBLEM,"All customers are reporting issues, bugs, or dissatisfaction specifically related to recent iOS software updates on their devices."
256,"Customer: @AppleSupport I keep having troubles with the sound on my phone when I make a call. I can’t hear the other side and they can’t hear me
AppleSupport: @640679 We'd be happy to see how we can help. Does the issue happen when receiving calls as well?
Customer: @AppleSupport Yes it happens also when I receive calls
AppleSupport: @640679 Do you have any trouble when playing music, using apps, or anything else?
Customer: @AppleSupport No, sound plays perfectly on other apps. Only when calling it disappears
AppleSupport: @640679 Let's see if the information in this article helps: https://t.co/XlmCP2gCtj",12,APPLE_MUSIC_PROBLEM,"All conversations involve customers reporting that the Apple Music service or app is not functioning correctly, prompting support to investigate specific technical issues."
257,"AppleSupport: @468246 We don't want you to be without your autocorrect. We can help! Send us a DM and let us know which device you're using.
Customer: @AppleSupport Done and done. :)",11,IOS_AUTOCORRECT_BUG,"Customers are reporting a specific issue where the letter 'I' is incorrectly autocorrected or displayed, and support confirms that iOS 11.1.1 contains the fix for this autocorrect problem."
258,"AppleSupport: @511454 Can you let us know what you're noticing with the keyboard? We'd love to help get things resolved.
Customer: @AppleSupport the letter I️ comes up like that. It should be an “I”",15,KEYBOARD_TYPING_GLITCH,Customers are reporting a specific bug where typing the letter 'I' results in incorrect characters or formatting issues on their devices.
259,"Customer: @AppleSupport hi, i'm experiencing sudden app close since i updated my iOS to the latest version. i'm using iPhone 6s, any idea?
AppleSupport: @775996 We appreciate you reaching out to us and are happy to help out however we can. Does this occur with all apps or specific apps?
Customer: @AppleSupport Yes this occur to all apps, mostly happens when i opened music.
AppleSupport: @775996 What exactly do you see occur when the apps close? Do they immediately close out, do they freeze for a moment then close, or something else?
Customer: @AppleSupport They freeze in a moment and sometimes shows blank screen and hang for a bit
AppleSupport: @775996 What troubleshooting, if any, have you tried thus far? We want to make sure we don't have you repeat any steps. For example, have you had a chance to power the device off and back on again as of yet? Let us know via DM. https://t.co/GDrqU22YpT",5,IOS_11_FREEZE_PROBLEM,"All customers report that their iPhones are freezing, crashing, or becoming unresponsive specifically after updating to iOS 11."
260,"Customer: @AppleSupport .... my phone is still having spasms 😩
AppleSupport: @498635 We definitely want to take a closer look. Send us a DM to get started: https://t.co/GDrqU22YpT",13,IPHONE_GENERAL_ISSUE,"All conversations involve customers reporting unspecified problems with their iPhones, prompting support to request general details like device model and iOS version to diagnose the issue."
261,AppleSupport: @524161 Let's see what's going on. DM us and let us know the exact iOS version you're running. We can take it from there. https://t.co/GDrqU22YpT,18,IOS_VERSION_INQUIRY,All conversations involve support agents requesting the customer's current iOS version and device model to begin troubleshooting.
262,"Customer: Got one of these expanding iphone 8s today at Target.  @115858, @applesupport what's up with that?  Took an hour to buy and activate phone and another trip and another hour to return and get a new one.   Will the new one be prone to similar expansion? https://t.co/Up35kMZeJL
AppleSupport: @223549 Let's take a look at this together. We'd like to continue in DM. https://t.co/GDrqU22YpT",1,IPHONE_HARDWARE_FAILURE,"Customers are reporting that their iPhones are not working, have crashed, or have hardware defects, and are requesting repairs, replacements, or refunds."
263,"Customer: @AppleSupport my phone keeps having a black loading screen every 2 minutes after the new ios update and i've restarted and all.. when will this be resolved?
AppleSupport: @244617 Thanks for reaching out. We'll do everything that we can to assist you with this. Click here to join us in DM and we'll continue there: https://t.co/GDrqU22YpT",10,IOS_UPDATE_PROBLEM,"All customers are reporting issues, bugs, or dissatisfaction specifically related to recent iOS software updates on their devices."
264,"Customer: @AppleSupport ever since I installed OIS11.0.3, my phone keeps turning blue tooth on by itself. Very annoying
AppleSupport: @456331 Let's work on it together. Are you familiar with our new Control Center configuration? Learn more here: https://t.co/G7BHuQnDS6
Customer: @AppleSupport I know how to turn off my ficking Bluetooth.  it should not be turning on in the first place!
AppleSupport: @456331 Understood. Have you tried any troubleshooting yet? We only ask so that we can attempt to avoid duplicating your efforts.
Customer: @AppleSupport NO
AppleSupport: @456331 That you've noticed, is there any pattern to when the Bluetooth is turning back on, or is it random? Let's try a restart.
Customer: @AppleSupport ok, restarting now.  No, I can't see a pattern. just once it is randomly on.  No kids, no one else touches my phone.",14,IOS_11_WIFI_BEHAVIOR,Customers are reporting that Wi-Fi and Bluetooth automatically reconnect or turn back on after being disabled in the Control Center following the iOS 11 update.
265,"Customer: @AppleSupport My gf can see me while I got her on pause on FaceTime please tell me how is this possible???? #ineedanswers
AppleSupport: @205409 Let us know what device you're using for FaceTime in DM. We're happy to look into this with you. https://t.co/GDrqU22YpT",0,MESSAGE_NOTIFICATION_PROBLEM,"Customers are reporting issues with receiving or displaying notifications for text messages and other apps, often citing specific iOS versions as the cause."
266,"AppleSupport: @710059 We'd like to look into this with you and get your photos back where they belong. If you go to https://t.co/MdGttkkFL9 from a desktop browser, are you photos showing here?
Customer: @AppleSupport it’s working again, thanks though b",7,PHOTOS_DISAPPEARED,"Customers are reporting that their photos have vanished, are missing, or are not loading from their device's camera roll or photo library."
267,"Customer: Also, @AppleSupport I think my MAC has a virus! What do I do!
AppleSupport: @591780 We’d be happy to lend a hand. Please select the Apple () Menu &gt; About This Mac, and let us know which macOS you’re using. What’s happening to lead you to think your Mac has a virus?",17,MACBOOK_GENERAL_ISSUE,"All conversations involve customers reporting unspecified technical problems or malfunctions with their Mac or MacBook devices, prompting support to request further details via DM."
268,"AppleSupport: @245518 iOS 11.1.1 was recently released and it includes a fix for autocorrect issues. Be sure to back up your device prior to updating, and let us know if the issue persists afterwards. How to back up: https://t.co/4f8hwT5to6
Customer: @AppleSupport Bet",11,IOS_AUTOCORRECT_BUG,"Customers are reporting a specific issue where the letter 'I' is incorrectly autocorrected or displayed, and support confirms that iOS 11.1.1 contains the fix for this autocorrect problem."
269,"Customer: It's happening not just in iMessage and sometimes appears correct on my phone but not my computer???? @applesupport HELP
AppleSupport: @128910 We'll be happy to look into this. DM us and we'll get started. https://t.co/GDrqU22YpT",0,MESSAGE_NOTIFICATION_PROBLEM,"Customers are reporting issues with receiving or displaying notifications for text messages and other apps, often citing specific iOS versions as the cause."
270,"Customer: @AppleSupport I still get the autocorrect error after updating to the latest software, any fixes for this?
AppleSupport: @479442 Let's take a closer look. Here's a link to DM us. https://t.co/GDrqU22YpT",11,IOS_AUTOCORRECT_BUG,"Customers are reporting a specific issue where the letter 'I' is incorrectly autocorrected or displayed, and support confirms that iOS 11.1.1 contains the fix for this autocorrect problem."
271,"Customer: @AppleSupport New iPhone SE from TMobile, sound only plays in left earbud
AppleSupport: @162651 We'd like to take a closer look at the EarPods included with your iPhone SE. Would you mind sending us a DM? https://t.co/GDrqU22YpT",12,APPLE_MUSIC_PROBLEM,"All conversations involve customers reporting that the Apple Music service or app is not functioning correctly, prompting support to investigate specific technical issues."
272,"Customer: @117128 @AppleSupport Facing activation issues on my iPhone X since yesterday evening. Worked fine 2 days prior and now it’s acting up. Says taking time for activation. What could be the reason? #Airtel #Delhi #iPhoneX
Customer: @117128 @AppleSupport This is what it says. https://t.co/hk74Wq3DZA
AppleSupport: @195267 We're glad you're reaching out to us about this. The screenshot is very helpful as well. Are you able to use the iPhone's service? Phone calls, text messages, cellular data? 
Does a restart of the iPhone change anything? Restart your iPhone: https://t.co/OWRDHWSt4h
Customer: @AppleSupport No cellular network hence I can’t use any thing. But yes the WiFi works. Restarting only helps for a short time and then it’s back to the same issue again.
AppleSupport: @195267 We apologize.  Take a look at this link and let us know via DM if that doesn't help: https://t.co/ywHIZGN4Ac https://t.co/GDrqU22YpT
Customer: @AppleSupport None of these helped.
Customer: @AppleSupport It’s been 4 days and Apple still hasn’t understood my problem or tried to solve it.
AppleSupport: @195267 Let's meet in DM so we can gather some specific information from your iPhone X. https://t.co/GDrqU22YpT",14,IOS_11_WIFI_BEHAVIOR,Customers are reporting that Wi-Fi and Bluetooth automatically reconnect or turn back on after being disabled in the Control Center following the iOS 11 update.
273,"Customer: @AppleSupport Hello! I’m listening to @115888 and the music controls at the control center are not working. Why? https://t.co/4ed0rjL2E0
AppleSupport: @344778 Thanks for reaching out, we'd love to help. What iOS version are you on? You can check by navigating to Settings &gt; General &gt; About.
Customer: @AppleSupport 11.0.3 on iPhone 5S
AppleSupport: @344778 Does this happen with other apps such as Music or Podcasts?
Customer: @AppleSupport I don’t have/use those
AppleSupport: @344778 Does the issue continue if you restart your device?
Customer: @AppleSupport No, I just restarted the phone and it’s working again. Thank you!",12,APPLE_MUSIC_PROBLEM,"All conversations involve customers reporting that the Apple Music service or app is not functioning correctly, prompting support to investigate specific technical issues."
274,"Customer: @AppleSupport Hello, i wait my iPhone, shipping with UPS. on website Apple i see my real address but on website UPS i see only my city. Normal ? Thx
AppleSupport: @743877 Thanks for contacting us. It's possible UPS only shows the city for privacy reasons. We recommend checking with them to find out for sure. Let us know.",8,REQUEST_HUMAN_CONTACT,"Customers are primarily seeking direct communication channels, such as phone numbers or emails, to speak with a representative or escalate their issues."
275,"Customer: @AppleSupport why the location isn’t accurate on apple maps as well as on google maps post ios11 update?
AppleSupport: @218256 We can help look into this. Check out this link for information: https://t.co/VsP0DZCgdG

Let us know if this helps.
Customer: @AppleSupport it doesn’t.when location settings r set to always on,on map it shows current location as one of the places I traversed to.inaccurate.
AppleSupport: @218256 Next, let’s look at this document. Follow the first 5 steps and let us know if that helps: https://t.co/jiMIBQw7go
Customer: @AppleSupport Yes,it helped when set to while using in location settings. Thanks!
AppleSupport: @218256 We’re glad it’s working as expected. If you have any other questions or concerns, feel free reach out. We’re here to help.
Customer: @AppleSupport Again facing the similar issue regarding location &amp; unhappy about it. Just hate to restart the phone every time phone reports wrong location
AppleSupport: @218256 We'd like to look into this with you. Send us a DM including the exact iOS version installed. We'll continue there. https://t.co/GDrqU22YpT",0,MESSAGE_NOTIFICATION_PROBLEM,"Customers are reporting issues with receiving or displaying notifications for text messages and other apps, often citing specific iOS versions as the cause."
276,AppleSupport: @417405 Thanks for bringing this to our attention. We'd like to look into this further. Click here to DM us: https://t.co/GDrqU22YpT,4,INITIAL_SUPPORT_INQUIRY,All conversations consist of automated responses acknowledging a customer's initial public contact and directing them to private direct messages for further assistance.
277,"Customer: @AppleSupport o ""e aí Siri"" não tá funcionando...
AppleSupport: @204999 Since our Twitter support is available in English, get help at https://t.co/IBIY3w3RGR or join https://t.co/pvaOFg6Mb1",6,REQUEST_HUMAN_SUPPORT,"Customers are explicitly asking for help, contact, or assistance from a human agent, often expressing frustration with automated responses or seeking to escalate their issue."
278,"Customer: @AppleSupport @115858 what the hell is up with “I️ “????
AppleSupport: @467798 We want to look into this. DM us your device and OS version and we'll continue there. https://t.co/GDrqU22YpT",15,KEYBOARD_TYPING_GLITCH,Customers are reporting a specific bug where typing the letter 'I' results in incorrect characters or formatting issues on their devices.
279,"Customer: @AppleSupport these pictures are appearing in my camera roll that i’ve never seen or taken https://t.co/3ihvvHZS7a
AppleSupport: @742749 Let's take a look at this together. Have you ever shared your Apple ID with anyone or downloaded images from a friend's message or email? Let us know in DM and we'll investigate this with you further. https://t.co/GDrqU22YpT
Customer: @AppleSupport ok i sent a dm
AppleSupport: @742749 We've got it and will continue with you there! Thanks so much.",7,PHOTOS_DISAPPEARED,"Customers are reporting that their photos have vanished, are missing, or are not loading from their device's camera roll or photo library."
280,"AppleSupport: @398834 We certainly want to help you with these issues! This article has steps that may fix them: https://t.co/8MvHMFZ83h
Customer: @AppleSupport Yea- I have done that one too many times since new iOS 11 came out. This is not what apple used to be.
AppleSupport: @398834 What is the current version of iOS 11 on your phone? Meet us in DM so that we can provide more details. https://t.co/GDrqU22YpT",9,IOS_11_BUG_REPORT,"Customers are reporting specific issues with iOS 11, and support agents are verifying the exact software version to determine if a recent update resolves the problem."
281,"Customer: Eugh. Moved iTunes to a family account and now it’s borked our photo library. Thanks @AppleSupport !
AppleSupport: @132910 We are here to help. DM us the details of your issue. https://t.co/GDrqU22YpT",7,PHOTOS_DISAPPEARED,"Customers are reporting that their photos have vanished, are missing, or are not loading from their device's camera roll or photo library."
282,"Customer: @AppleSupport why does it take my mac a long time to start up? Help
AppleSupport: @276645 We'd like to help any way we can. Do you recall when this started to occur?

Also, which Mac model do you have and what's the exact macOS version number installed on it?
Customer: @AppleSupport It's an older MBP with OS X El Capitan so I'm not expecting much. But, I'm just curious why one day, with no changes made, it started taking 3+ minutes to start up
7:04 PM · Nov 22, 2017
AppleSupport: @276645 Which exact OS X El Capitan version is installed? You can check under the Apple logo at the top, then click on 'About this Mac'.

Any updates showing up in its App Store and have you installed any new apps right before this started to occur?
Customer: @AppleSupport No new updates, and no.
AppleSupport: @276645 Which exact OS X El Capitan version number is installed and have you tried any steps since this started?

Please DM us both details here: https://t.co/GDrqU22YpT",17,MACBOOK_GENERAL_ISSUE,"All conversations involve customers reporting unspecified technical problems or malfunctions with their Mac or MacBook devices, prompting support to request further details via DM."
283,"Customer: Oh what a mess @AppleSupport on my iPhoneX upon unlocking! :( https://t.co/Y5GnINH3sQ
AppleSupport: @807880 Thanks for bringing this to our attention. Have you tried restarting your phone to see if the issue continues?
Customer: @AppleSupport Good call. Looks much better now! Also fixed my Live wallpaper not working on my lock screen too! Hey, very excited about your new YouTube!
AppleSupport: @807880 Great. Thank You. We're excited as well. Please let us know if you need any further assistance.",1,IPHONE_HARDWARE_FAILURE,"Customers are reporting that their iPhones are not working, have crashed, or have hardware defects, and are requesting repairs, replacements, or refunds."
284,"Customer: @AppleSupport please fix this I️
AppleSupport: @530944 Here's what you can do to work around this issue until it's fixed in a future software update: https://t.co/xXaXeeSRt9",2,SOFTWARE_BUG_WORKAROUND,Customers are seeking temporary solutions for known software issues that are scheduled to be fixed in future updates.
285,"Customer: @115948 hi. I upgraded my OS to 10.0.1. Now my music ain’t playing! Rather, there’s no sound. Kindly assist. Thanks cc @AppleSupport
AppleSupport: @202810 We're happy to assist. We just want to confirm your current iOS.   Go to Settings &gt; General &gt; About for the version.
Customer: @AppleSupport Sorry. It’s actually 11.0.2(15A421)
AppleSupport: @202810 Thank you for that information.  Restart the device and test to see if the issue persists.  Let us know your results.
Customer: @AppleSupport Yap! Still getting the error “Cannot Open. Content not authorized” then it plays bt no sound 😓
AppleSupport: @202810 Thank you for trying.  DM us your current country. https://t.co/GDrqU22YpT
Customer: @AppleSupport Done",12,APPLE_MUSIC_PROBLEM,"All conversations involve customers reporting that the Apple Music service or app is not functioning correctly, prompting support to investigate specific technical issues."
286,"Customer: Hey @AppleSupport, why can’t I️ type just the letter I️ in my Facebook, Snapchat, or messenger app? It does some wonky shortcut shit. Ex. - https://t.co/k6goXgyy9j
Customer: @AppleSupport Just kidding apparently I️ can’t type I* here either. Wtf is going on?
AppleSupport: @484713 We'd be happy to work with you on this. Take a look at the following resource: https://t.co/xXaXeeSRt9
Customer: @AppleSupport Cool, thank you so much!!
AppleSupport: @484713 You bet. Feel free to reach out if you need anything else.",15,KEYBOARD_TYPING_GLITCH,Customers are reporting a specific bug where typing the letter 'I' results in incorrect characters or formatting issues on their devices.
287,"Customer: @AppleSupport I am very disappointed with the performance of iOS 11 on my 6 plus.  Constantly freezing up.  Have been a big iPhone supporter for many years but now thinking of changing to android.  Not enough alpha testing on all devices.
AppleSupport: @257992 We understand how important it is for your iPhone to perform as expected, and we're happy to help! Send us a DM with your current iOS version, and we'll proceed from there. https://t.co/GDrqU22YpT",5,IOS_11_FREEZE_PROBLEM,"All customers report that their iPhones are freezing, crashing, or becoming unresponsive specifically after updating to iOS 11."
288,"Customer: @AppleSupport Any reason why my DNDWD function never activates even when it’s set to automatic? Anyone else? #iphone #apple #ios11
AppleSupport: @611583 We'd like to help and look into this. Please DM us what iPhone you're using to turn on Do Not Disturb While Driving. https://t.co/GDrqU22YpT",0,MESSAGE_NOTIFICATION_PROBLEM,"Customers are reporting issues with receiving or displaying notifications for text messages and other apps, often citing specific iOS versions as the cause."
289,"Customer: Yo @AppleSupport. #AppStore on the iPhone shows (no) updates in plain white while other services work. Any hints? https://t.co/Od8TFiuqQw
AppleSupport: @596179 Let's team up on this. Send us a DM with the iOS version your iPhone is running, and we'll get started. https://t.co/GDrqU22YpT",10,IOS_UPDATE_PROBLEM,"All customers are reporting issues, bugs, or dissatisfaction specifically related to recent iOS software updates on their devices."
290,"Customer: @AppleSupport I can’t see the time on my lock screen and I can’t see my notifications
AppleSupport: @606889 We’d like to help however we can with this issue. DM us with which device you are using and we'll go from there. https://t.co/GDrqU22YpT",0,MESSAGE_NOTIFICATION_PROBLEM,"Customers are reporting issues with receiving or displaying notifications for text messages and other apps, often citing specific iOS versions as the cause."
291,"Customer: APPLE GET YOUR FUCKING SHIT TOGETHER AND FIX THE “I️” KEY THIS IS SHAMEFUL @AppleSupport
AppleSupport: @666024 We recently released an iOS update, 11.1.1, that contains a fix for autocorrect issues. Let’s be sure to back up your device prior to updating. How to back up: https://t.co/4f8hwT5to6",11,IOS_AUTOCORRECT_BUG,"Customers are reporting a specific issue where the letter 'I' is incorrectly autocorrected or displayed, and support confirms that iOS 11.1.1 contains the fix for this autocorrect problem."
292,"Customer: @AppleSupport iphone8 works fine, Series 2 Watch works fine, everything’s perfect apart from my activity and workouts aren’t syncing since Tuesday! WiFi, data and Bluetooth all on and working too! Help!!!
AppleSupport: @131476 Hey, we'd be happy to take a look to see what's going on. First, can you tell us the watchOS and iOS versions currently installed? Also, have you restarted both devices to see if that helps?
Customer: @AppleSupport Yep done all that eventually I reset the watch completely and set up as a new device and it’s working again. Thanks anyway
AppleSupport: @131476 Thanks for getting back to us, so we know that this is working. Feel free to reach out if we can be of any further help. Our office hours are 7 days a week, from 5AM - 8PM PDT. If you contact us after business hours, rest assured we'll respond the following day.",16,APPLE_WATCH_ISSUE,"All conversations involve customers reporting specific technical problems, bugs, or malfunctions with their Apple Watch devices and seeking assistance to resolve them."
293,"Customer: @AppleSupport Hi, any way to revert to ios10? This god awful update has made my phone so fucking slow AND it looks ugly. Change pls
AppleSupport: @201220 We're here for you. Is this happening with all apps or certain apps? Which version of iOS are you running?
Customer: @AppleSupport Hi! Literally all apps! V.11.0.2 not only is it slow but aesthetically not pleasing to the eyes, why'd you throw the minimalistic style away
AppleSupport: @201220 Does a restart help? Which iPhone model do you have? Let us know in DM: https://t.co/GDrqU22YpT",5,IOS_11_FREEZE_PROBLEM,"All customers report that their iPhones are freezing, crashing, or becoming unresponsive specifically after updating to iOS 11."
294,"Customer: @AppleSupport my brand new IPhone 8 is trying to autocorrect I️ to A?....  googled it and it’s apparently happening to new software users https://t.co/7lnsNsxTxy
AppleSupport: @448893 We're happy to help.  DM us your iOS version currently on your iPhone and we'll continue there. https://t.co/GDrqU22YpT",11,IOS_AUTOCORRECT_BUG,"Customers are reporting a specific issue where the letter 'I' is incorrectly autocorrected or displayed, and support confirms that iOS 11.1.1 contains the fix for this autocorrect problem."
295,"Customer: @AppleSupport why do I️ have BOXES W QUESTION MARKS
AppleSupport: @595285 Thanks for reaching out. We have a workaround for this here: https://t.co/xXaXeeSRt9 DM us if you still need help. https://t.co/GDrqU22YpT",15,KEYBOARD_TYPING_GLITCH,Customers are reporting a specific bug where typing the letter 'I' results in incorrect characters or formatting issues on their devices.
296,"Customer: @AppleSupport iPhone 7, 11.1. the phone doesn't seem to be charging half the time when it's plugged in.
AppleSupport: @666029 We know how important it is to be able to charge your iPhone, and we want to help. Let's start by trying the steps here: https://t.co/uqxquyfdn0 Please let us know if you're still having trouble charging.",3,IOS_11_BATTERY_DRAIN,"All customers report significant battery life degradation or rapid draining specifically after updating to iOS 11, requesting a fix or troubleshooting assistance."
297,"Customer: Have a new iPhone 8 and it’s unusable since #ios11update @AppleSupport WiFi connects but nothing loads #fail
AppleSupport: @167187 Let’s see what we can find out. Which version of iOS 11 are you running currently? Have you tested on multiple Wi-Fi networks?
Customer: @AppleSupport Yes. It doesn’t work on any home networks. Only my work WiFi. Not xfinity hotspots or my private home network 😫
AppleSupport: @167187 Is it showing an error message? DM us below. https://t.co/GDrqU22YpT",14,IOS_11_WIFI_BEHAVIOR,Customers are reporting that Wi-Fi and Bluetooth automatically reconnect or turn back on after being disabled in the Control Center following the iOS 11 update.
298,"Customer: Hey @AppleSupport why won’t my brand new iPhone 7 record audio in any of my videos?
AppleSupport: @662495 We'd be happy to look into this with you. It's important to be able to have sound available in your videos. Can you provide us more details of this issue? Are you experiencing this with screen recordings or recordings using the Camera?
Customer: @AppleSupport While using the camera. My camera app won’t let me take pics or video at all, so I’ve been using Snapchat, which records video, but no sound
AppleSupport: @662495 Thanks for those details. What do you see on the screen when trying to take a picture or video? Is the screen black? Let us know to continue.
Customer: @AppleSupport When I try to record/take pictures with the camera app (both from the lock screen and from the app) it looks blurry and won’t let me capture
AppleSupport: @662495 We want to look further into this issue. Reach us via DM to continue. https://t.co/GDrqU22YpT",7,PHOTOS_DISAPPEARED,"Customers are reporting that their photos have vanished, are missing, or are not loading from their device's camera roll or photo library."
299,"Customer: How do I move all these contacts from these different groups into one group on my iPhone?!? @AppleSupport please help.
Customer: @AppleSupport  https://t.co/hSdLPwQYdv
AppleSupport: @781297 Let's figure this out together. Check out this link: https://t.co/J405QLen6o It has instructions on how to import your contacts from different sources. Let us know if you still need help.
Customer: @AppleSupport Did you see the picture I sent second? I have a bunch of contacts from a bunch of groups. I want to somehow merge them all into one group. https://t.co/BzPPXkCZOV
AppleSupport: @781297 We completely understand. The best way to get all of these group contacts into one group, is to choose which account you would like to save them on, and transfer them to that account. This may be easier to achieve on a computer.
Customer: @AppleSupport I don’t even have all these contacts on my computer. Can I save them to my iCloud?
AppleSupport: @781297 We'd like to provide more steps in detail. Meet us in DM so we can continue. https://t.co/GDrqU22YpT",8,REQUEST_HUMAN_CONTACT,"Customers are primarily seeking direct communication channels, such as phone numbers or emails, to speak with a representative or escalate their issues."
300,AppleSupport: @614377 Let's see what we can do to get this resolved. If you go to https://t.co/tmRhWEkIq4 do you see the notes there? Reply in DM. https://t.co/GDrqU22YpT,19,GENERAL_ISSUE_INQUIRY,All conversations consist of Apple Support requesting more details via DM to address an unspecified issue reported by the customer.
301,"Customer: @AppleSupport what is going on with your software? iOS 11.1 was better for battery life but iOS 11.1.2 is a DISASTER! From 100% to 34% in 4 hours with moderate usage??? For an iPhone 7 this is a joke.
AppleSupport: @461061 Great battery life is important to get you through your day. Let's pair up in DM to take a closer look to see what's happening here. https://t.co/GDrqU22YpT
Customer: @AppleSupport I’m not sure what DMing would achieve. My battery is working fine hardware wise.. i have noticed the problem since updating to the latest iOS, I have Bluetooth off and other battery draining processes and the only fix is a better update.
AppleSupport: @461061 Since battery life can vary dramatically based on a number of factors, and it's certainly not expected behavior to experience consistently diminished battery life after updating. We'd like to look into this further with you in DM here: https://t.co/GDrqU22YpT",3,IOS_11_BATTERY_DRAIN,"All customers report significant battery life degradation or rapid draining specifically after updating to iOS 11, requesting a fix or troubleshooting assistance."
302,"Customer: @AppleSupport please get your shit together so i don’t have to correct me typing every time i use the letter i!!! i️
AppleSupport: @522087 Here’s what you can do to work around the issue until it’s fixed in a future software update: https://t.co/uQeXsrrlXJ",15,KEYBOARD_TYPING_GLITCH,Customers are reporting a specific bug where typing the letter 'I' results in incorrect characters or formatting issues on their devices.
303,"Customer: @115858 @AppleSupport where did all my text messages go?! Two years of conversations gone as of last night. Plenty of memory on phone!
AppleSupport: @518322 We understand how valuable your messages are! Which device are they missing from?
Customer: @AppleSupport iPhone 6S
AppleSupport: @518322 We're happy to look into this with you. Please DM us the iOS version installed &amp; additional details about this issue. https://t.co/GDrqU22YpT",0,MESSAGE_NOTIFICATION_PROBLEM,"Customers are reporting issues with receiving or displaying notifications for text messages and other apps, often citing specific iOS versions as the cause."
304,"Customer: @115858 @AppleSupport POS.  Forcing an IOS update by making annOying error where anyone who tries to type “I️” types I️ instead.
AppleSupport: @474706 We want your keyboard working for you; we'll do all we can to help. To start, we released iOS 11.1.1 which is meant to address this issue. If you haven't already, let's update with these steps: https://t.co/ahjigcvFRG",15,KEYBOARD_TYPING_GLITCH,Customers are reporting a specific bug where typing the letter 'I' results in incorrect characters or formatting issues on their devices.
305,"Customer: @AppleSupport why does my phone not recognize when I am playing a track in the music app or any other app? Happened before &amp; after update.
AppleSupport: @412625 Which device and version of iOS are you using? Check Settings &gt; General &gt; About and let us know in DM. https://t.co/GDrqU22YpT",12,APPLE_MUSIC_PROBLEM,"All conversations involve customers reporting that the Apple Music service or app is not functioning correctly, prompting support to investigate specific technical issues."
306,"Customer: @115858 @AppleSupport why does typing the letter I* change into this weird question mark symbol: I️ ?!!
AppleSupport: @487593 We are here to help. To get started today, please take the steps in the following article: https://t.co/MaraeomA15
AppleSupport: @487593 This article has some steps that may be able to help: https://t.co/xU1AGHStV6",15,KEYBOARD_TYPING_GLITCH,Customers are reporting a specific bug where typing the letter 'I' results in incorrect characters or formatting issues on their devices.
307,AppleSupport: @555515 We'd be happy to assist with any issues you're having. Tell us more about this connection issue via DM. We'll go from there. https://t.co/GDrqU22YpT,19,GENERAL_ISSUE_INQUIRY,All conversations consist of Apple Support requesting more details via DM to address an unspecified issue reported by the customer.
308,"Customer: @115858 @AppleSupport y’all need to fix my phone or give me a new one. This update messed my shit up and I’m highly upset 😡😡
AppleSupport: @430740 We know the importance of a reliable device. Let's work together to solve this. To start, which iOS version do you have?
Customer: @AppleSupport The newest one. 11.0.3",10,IOS_UPDATE_PROBLEM,"All customers are reporting issues, bugs, or dissatisfaction specifically related to recent iOS software updates on their devices."
309,"AppleSupport: Keep the fun going. And going. And going. 
Try out the Loop effect in Live Photos in iOS 11.

Learn more https://t.co/vX4vUYI4xS https://t.co/XJ3zckcqQh
Customer: @AppleSupport Forget the loop effect. Since the latest updates my iPhone 7 is a complete shambles. Hardly anything works correctly and the past 3 days it’s not allowed me to makes calls. R.I.P Apple
AppleSupport: @487535 We can definitely help. DM us, and let us know what happens when you try to make a call. We'll look into this. https://t.co/GDrqU22YpT
Customer: @AppleSupport No fun. This upgrade..... why is each letter speaking.....?! Yes under accessibility turned of restarted phone..... Why??loosing mkt... ?
AppleSupport: @390673 We just got your DM about this. Let's work together to get this resolved there. We just responded there. https://t.co/GDrqU22YpT
Customer: @AppleSupport Do you know why a screen recording video in iOS 11 would upload to YouTube video without sound?  when mic recording was on?
Customer: @AppleSupport Battery draining heavily in iPhone 5s with this IOS 11 update
AppleSupport: @474969 That's interesting. Is there any sound when playing the screen recording back locally on your device? DM us back to continue. https://t.co/GDrqU22YpT
AppleSupport: @452876 We can help! Please DM your current iOS version. You can find that information by going to Settings &gt; General &gt; About. https://t.co/GDrqU22YpT
Customer: @AppleSupport When I open Spotify and plug my EarPods, instead of phone recognize the Spotify, it recognizes the native music app, then I have to reboot..
Customer: @AppleSupport Hi please we have a problem with FaceTime in Saudi Arabia 🇸🇦 we don’t have FaceTime in our iPhones 📱
Customer: @AppleSupport 11.0.3 not working on 5s, apps not responsive,  did reset, refresh, factory restore as new and backup from iTunes, Ctrl Center not coming up
AppleSupport: @384358 Hey there! Let's look into this together. Could you tell us which Apple device you're using?
Customer: @AppleSupport I’m 6s plus on iOS 11.0.3
AppleSupport: @385016 Hi there. Thank you for contacting us. As it turns out, FaceTime isn’t currently available in Saudi Arabia: https://t.co/MK7HMEoMf2
Customer: @AppleSupport @452876 It won’t work
AppleSupport: @385971 We've got your DM and will continue with you there. Be on the lookout for our reply. Thank you!
AppleSupport: @384358 Awesome! Thank you for keeping your iPhone updated. Could you meet us in DM and we can begin from there? https://t.co/GDrqU22YpT
Customer: @AppleSupport iOS 11.2 sucks as well. Freezes all the time. Simple features in music app don’t work. Why is my battery life atrocious
AppleSupport: @136035 We'd be happy to assist with iOS 11. Can you DM us the iOS device we are working with? https://t.co/GDrqU22YpT
Customer: @AppleSupport Since upgrading to 11.0.3, I can literally watch my battery percentage tick down while using my phone. This is madness! #wtf
AppleSupport: @520913 While it's normal for your battery to decrease while in use, we'd like to better understand what's happening. Please DM us here: https://t.co/GDrqU22YpT
Customer: @AppleSupport Lol..yes it is.  But that’s not what I’m referring to. This speed of drainage is a new phenomenon for my phone.
Customer: @AppleSupport Obviously as an long time iPhone owner, I’m already using every battery saving tip out there. (Back ground refresh, etc..)
Customer: @AppleSupport Now the FaceTime is available but you need to send for us updates
AppleSupport: @520913 Thanks for clearing that up for us. Please let us know which model you have and any steps tried so far in DM here: https://t.co/GDrqU22YpT
Customer: @AppleSupport Please contact ours company to ask them about FaceTime
Customer: @AppleSupport shit……iOS 11.0.3 https://t.co/0TQPF7a0S1
AppleSupport: @175587 We're here to help. Reach out to us in a DM and we will continue there. https://t.co/GDrqU22YpT
Customer: @AppleSupport What causes an Icon to appear like this? https://t.co/VYIkPmrk3p
AppleSupport: @260527 Hey there. What type of device is this app on? Join us in DM, we're happy to investigate with you. https://t.co/GDrqU22YpT
Customer: @AppleSupport @474969 I have a problem with this too. No issues with playback on Mac but no sound when uploaded to Youtube. Please help
AppleSupport: @474968 We want to help. DM us, and we'll see what we can do. https://t.co/GDrqU22YpT
Customer: @AppleSupport Okay so since my new update my battery is rubbish on my phone I’ve hardly used it as I’ve been at work yesterday I’m on 57%?
AppleSupport: @548783 Let’s team up to get this addressed. How long ago did you update? Let us know via a DM. We’ll keep moving from there. https://t.co/GDrqU22YpT
Customer: @AppleSupport Unable to reschedule call from the website and case was closed without resolution, once again your support team baffles me.
Customer: @AppleSupport Case was also incorrectly opened its 5s not 5
Customer: @AppleSupport Keep the fun going, you what? My battery only lasts about 2 hours
AppleSupport: @605525 We are here for you. Let's take a look at this further for you. Reach out to us in DM. https://t.co/GDrqU22YpT
Customer: @AppleSupport iOS 11 is very laggy on iPhone 5s and also battery drains very quickly. It seems Apple doesn’t care anymore about their old customers
AppleSupport: @653801 We'd be happy to help the best we can. Please meet us in DM. https://t.co/GDrqU22YpT
Customer: @AppleSupport IOS 11 Not for my phone, I want to return to IOS 10
AppleSupport: @334031 We'd like to help you with your iPhone. Send us a DM and tell us what's happening, and which iPhone you have, to begin. https://t.co/GDrqU22YpT
Customer: @AppleSupport Thanks Apple for resolving all 11.0.3 issues! Now back to high quality standard of Apple that I am used too!
Customer: @AppleSupport Yes it didn’t work, but now updated to 11.1 and let me check with it.
AppleSupport: @452876 DM us and let us know the country you're in, we'll take it from there. https://t.co/GDrqU22YpT
Customer: @AppleSupport I’m in India and my iOS version is 11.1 ( 15B93 )
Customer: @AppleSupport At home, when I was trying to downgrade to iOS 11 .0 .2, I selected the right file for my phone, and it said IT, your phone could not be updated. Eire 3194. And then I got another one which was 003. Very weird. And I tried the check for update option and restore option but no luc
AppleSupport: @203476 We'd like to help. Let's take this to DM and we'll explore ways to provide you assistance. https://t.co/GDrqU22YpT",5,IOS_11_FREEZE_PROBLEM,"All customers report that their iPhones are freezing, crashing, or becoming unresponsive specifically after updating to iOS 11."
310,"Customer: @AppleSupport Anyone else having problems sending #Hotmail from iOS 11.1.1?  I receive email. When sending I get “Cannot send. The message was rejected by the server.”
AppleSupport: @150959 We'd love to look into this with you. When did this issue begin? Also, check under Settings &gt; General &gt; Software Update to see if you have iOS 11.1.2 available. If so, make sure you have a current backup, and download and install it. Let us know if the issue persists.
Customer: @AppleSupport Thanks. This is what I see. https://t.co/Y1Y4vt49Pt
AppleSupport: @150959 Thank you for letting us know. If you're having trouble updating, take a look at the suggestions here: https://t.co/Ui1yTnOCUz
Customer: @AppleSupport Hotmail sending worked after installing the iOS 11.1.2 update. Thanks for your help.
AppleSupport: @150959 We're glad to hear you can send emails again. You're welcome. If you need any further help, let us know.",0,MESSAGE_NOTIFICATION_PROBLEM,"Customers are reporting issues with receiving or displaying notifications for text messages and other apps, often citing specific iOS versions as the cause."
311,"Customer: Had a bad experience @AppleSupport am so aggravated got an apple advisor he must of been a trainee cause he managed to jack up my Order 💩
AppleSupport: @535154 Thank you for reaching out about your Apple Support experience. Please DM with as many details as possible/ Thank you in advance! https://t.co/GDrqU22YpT",8,REQUEST_HUMAN_CONTACT,"Customers are primarily seeking direct communication channels, such as phone numbers or emails, to speak with a representative or escalate their issues."
312,"Customer: @AppleSupport I'm not feeling your support in Serbia! Can't unlock my disabled AppleID, can't do anything. I should burn this stupid phone.
AppleSupport: @444567 We'll make sure to get this straightened out. DM us, and we'll see you there. https://t.co/GDrqU22YpT",1,IPHONE_HARDWARE_FAILURE,"Customers are reporting that their iPhones are not working, have crashed, or have hardware defects, and are requesting repairs, replacements, or refunds."
313,"Customer: @AppleSupport i️m going to rage quit my phone if y’all don’t fix this “i️“ business. i️ TRIED the keyboard preset method and it didn’t work. my screen is already v cracked i️ can’t afford anymore damage from throwing it out of anger. pls help.
AppleSupport: @603249 Thank you for letting us know. Please DM us which iPhone and iOS version you're currently using and we'll continue from there. https://t.co/GDrqU22YpT",1,IPHONE_HARDWARE_FAILURE,"Customers are reporting that their iPhones are not working, have crashed, or have hardware defects, and are requesting repairs, replacements, or refunds."
314,"Customer: @AppleSupport 5,000 of my photos have disappeared off of my iPhone. Can you help?
AppleSupport: @325692 We know how important your photos are. When did this happen? Is anything different, such as an upgrade to iOS or a new app?
Customer: @AppleSupport It happened at about 4:30pm GMT. As I looked at the photos app, everything apart from some pics were gone. App was twitching too. 1/2
Customer: @AppleSupport Pics are back now though. Did everything it’s recommended online 2/2
AppleSupport: @325692 That's great news that all the photos have returned.  If the issue continues, be sure to let us know.",7,PHOTOS_DISAPPEARED,"Customers are reporting that their photos have vanished, are missing, or are not loading from their device's camera roll or photo library."
315,"Customer: @AppleSupport Can you make this stop? https://t.co/pf2Yz7T0wc
AppleSupport: @797558 We'd love to help with your keyboard. Send us a DM with your current iOS version from Settings &gt; General &gt; About. We'll work with you there. https://t.co/GDrqU22YpT",9,IOS_11_BUG_REPORT,"Customers are reporting specific issues with iOS 11, and support agents are verifying the exact software version to determine if a recent update resolves the problem."
316,"AppleSupport: @668204 We'll do all we can to help out. Have you already updated to iOS 11.1.1?
Customer: @AppleSupport Thanks! Yes, I’m currently on iOS 11.1.1.
AppleSupport: @668204 Fantastic! So we can work with you closer on this, reach out to us in DM and we'll continue from there. https://t.co/GDrqU22YpT",9,IOS_11_BUG_REPORT,"Customers are reporting specific issues with iOS 11, and support agents are verifying the exact software version to determine if a recent update resolves the problem."
317,"Customer: @AppleSupport can you explain, why this is Happening I ain’t happy at all.
AppleSupport: @291158 Let us help. Follow up with us in DM. Tell us which device and the exact version of iOS you're using there. https://t.co/GDrqU22YpT
Customer: @AppleSupport Done",13,IPHONE_GENERAL_ISSUE,"All conversations involve customers reporting unspecified problems with their iPhones, prompting support to request general details like device model and iOS version to diagnose the issue."
318,"Customer: @118721 @AppleSupport my purchased songs don’t show up in the store as purchased. I buy a few songs a month and it wouldn’t be nice to be double billed. #pleasehelp #pleaseandthankyou
AppleSupport: @572881 Being able to access your purchased music in the iTunes Store is important. Let's work together. Can you provide us which device you're using when viewing your purchased music? If the music doesn't show as purchased can you provide what it shows as?
Customer: @AppleSupport Should I dm or should I do it here?
AppleSupport: @572881 Either option works great, though we may need to move to DM eventually. https://t.co/GDrqU22YpT
Customer: @AppleSupport It’s a lack of correspondence between the the Music app and iTunes Store app.
Customer: @AppleSupport Have sent in",12,APPLE_MUSIC_PROBLEM,"All conversations involve customers reporting that the Apple Music service or app is not functioning correctly, prompting support to investigate specific technical issues."
319,"Customer: @AppleSupport why did i get charged 99 cents ... i didn’t buy an app today, don’t have Apple Music etc...
AppleSupport: @732871 Hi there. We'd be happy to point you in the right direction. You can check the purchase history on your device. Here's how: https://t.co/7LU2nj59FH",8,REQUEST_HUMAN_CONTACT,"Customers are primarily seeking direct communication channels, such as phone numbers or emails, to speak with a representative or escalate their issues."
320,"Customer: AND MY PHONE IS DOING THE THING NOW  @AppleSupport I️ WANT MY MONEY BACK FOR THIS DUMB IPHONE 8
AppleSupport: @656440 iOS 11.1.1 was recently released and it includes a fix for autocorrect issues. Be sure to back up your device prior to updating, and let us know if the issue persists afterwards. How to back up: https://t.co/4f8hwT5to6",11,IOS_AUTOCORRECT_BUG,"Customers are reporting a specific issue where the letter 'I' is incorrectly autocorrected or displayed, and support confirms that iOS 11.1.1 contains the fix for this autocorrect problem."
321,AppleSupport: @476523 We'd like to help. DM us with a bit more detail on what's going on and we'll go from there. https://t.co/GDrqU22YpT,19,GENERAL_ISSUE_INQUIRY,All conversations consist of Apple Support requesting more details via DM to address an unspecified issue reported by the customer.
322,"Customer: all my music randomly undowloaded while i was downloading some playlists wtf @AppleSupport
AppleSupport: @375686 Thanks for reaching out. Can you DM the device you're using when you encountered this issue? https://t.co/GDrqU22YpT",12,APPLE_MUSIC_PROBLEM,"All conversations involve customers reporting that the Apple Music service or app is not functioning correctly, prompting support to investigate specific technical issues."
323,"Customer: Heyyy @AppleSupport look how annoying operating system you had. https://t.co/OFUwPMp45H
AppleSupport: @290077 We' know how important it is to have your phone working properly. Please join us in DM here: https://t.co/GDrqU22YpT",13,IPHONE_GENERAL_ISSUE,"All conversations involve customers reporting unspecified problems with their iPhones, prompting support to request general details like device model and iOS version to diagnose the issue."
324,"Customer: their finger wasn’t registered on my phone i want answers @AppleSupport
AppleSupport: @664092 Which iPhone and iOS are you using? Locate your version by navigating to Settings &gt; General &gt; About, and let us know in DM. https://t.co/GDrqU22YpT",1,IPHONE_HARDWARE_FAILURE,"Customers are reporting that their iPhones are not working, have crashed, or have hardware defects, and are requesting repairs, replacements, or refunds."
325,"Customer: @115858 @AppleSupport i had 16,000 pics on my phone yesterday, 1,000 this morning and now only 500. The pics i took 10 mins ago aren't on my phone. can u get ur shit together ??? ty :)
AppleSupport: @153218 We want you to be able to store your photos on your iPhone and be able to cherish your memories. To get started looking into this with you, could you let us know which iPhone &amp; iOS version you're using?
Customer: @AppleSupport iOS 10, my phone is also freezing, jumping to other apps when i click on them, not turning on, etc. this started all of a sudden as of yesterday
AppleSupport: @153218 Do you know if you use iCloud Photo Library? Try checking for your photos here: https://t.co/coj9FJKJWV",7,PHOTOS_DISAPPEARED,"Customers are reporting that their photos have vanished, are missing, or are not loading from their device's camera roll or photo library."
326,"AppleSupport: Discover helpful tips, check your warranty, and chat with us, all with the Apple Support app.

https://t.co/rSmBOgYeAm
Customer: @AppleSupport there huge bug ios 11 wallet shipping addres i chose country and it crashed
AppleSupport: @136970 Thanks for reaching out to us for support. We would love to help you. Please DM us so that we can look into this together. https://t.co/GDrqU22YpT
Customer: @AppleSupport Is it available for download? I cant find it in the app store
AppleSupport: @723513 Great question! You can use navigate to the iTunes Link Maker to check for regional availability:
https://t.co/GD3awecJOw
Customer: @AppleSupport Its not available in philippines ☹️
AppleSupport: @723513 Got it. Please DM us so that we can look into this together. https://t.co/GDrqU22YpT
Customer: @AppleSupport I am an all out apple user and just got the I phone X (256Gb) which came with a bunch of issues. 
The phone always heats up while making a call or watching Videos. 
The battery drains out and barely lasts me for 3 hours. 
The messenger app is erratic and needs an update. https://t.co/CPTkTz5eSJ
AppleSupport: @821957 We're happy to help. We've received your DM and will work with you there.
Customer: @AppleSupport Please give me some info on Apple Pay on ios11 on iPhone 7 India support. Thanks in advance.
Customer: @AppleSupport @723513 Have DM still awaiting reply
Customer: @AppleSupport Why are all my Apple gadgets slowing down all of the sudden
AppleSupport: @134113 Apple Pay is not currently supported in India. We keep a current list of countries that support Apple Pay here: https://t.co/tKY0Mal39U
AppleSupport: @135578 We want to help. What do you mean by gadgets?
Customer: @AppleSupport iPhone Mac laptop and iPad
AppleSupport: @135578 We want to help. Let's continue in DM. https://t.co/GDrqU22YpT
Customer: @AppleSupport Why was Travis so rude and condescending when I was trying to find out why my $1200 defective #iPhoneX won’t work properly?
AppleSupport: @221542 Hello. Let's meet up in DM and discuss. We'd like to learn more about your experience. https://t.co/GDrqU22YpT
Customer: @AppleSupport Ever since I updated my phone, it started restarting randomly every 2 minutes
Customer: @AppleSupport It just restarted while I was typing the tweet
AppleSupport: @247129 Have you updated to iOS 11.2? Check out: https://t.co/osZOKKTalm This should resolve the issue. Be sure and backup first. Let us know how it goes.
Customer: @AppleSupport Is there anyone I can speak to about a disabled Apple ID? I am in the UK but always redirected to the US site with no options available.
Customer: @AppleSupport It would be great if I could download the app. Bloody iTunes store will not download any apps. I can find no useful information about this problem except that a lot of users are having similar issues with icloud/app store/itunes store. Can you offer anything useful?
AppleSupport: @250323 Thanks for reaching out!  This article can help if your AppleID has been disabled: https://t.co/DYEXEbD7Im   If you still need assistance after those steps, feel free to DM us. https://t.co/GDrqU22YpT
AppleSupport: @250265 We're happy to help. Does it happen with one network in particular or with multiple networks? Which iOS version are you running? Let us know in DM. https://t.co/GDrqU22YpT
Customer: @AppleSupport Thanks but no thanks, you are of no help!!!",1,IPHONE_HARDWARE_FAILURE,"Customers are reporting that their iPhones are not working, have crashed, or have hardware defects, and are requesting repairs, replacements, or refunds."
327,"Customer: The share sheet probably shouldn’t be here when sharing a screenshot of my messed-up keyboard either @AppleSupport https://t.co/TO5sTkCXzh
AppleSupport: @116375 We'd be happy to look into this with you more in detail.  Please reach out to us via DM and we'll get started. https://t.co/GDrqU22YpT",15,KEYBOARD_TYPING_GLITCH,Customers are reporting a specific bug where typing the letter 'I' results in incorrect characters or formatting issues on their devices.
328,"Customer: @AppleSupport when I do a command + down arrow I don't see my minimized windows at the bottom anymore.  How do I get that back?
AppleSupport: @374323 We know that keyboard shortcuts are important for efficiency and workflow. Here's a list of shortcuts: https://t.co/iGXOtvJZiO
Customer: @AppleSupport So in translation, apple ""improved"" this feature.  Could apple at least tell me how to expand a minimized window via keyboard?
AppleSupport: @374323 The best way to expand a minimized window would be to click on it or CMD + Tab to cycle to it.
Customer: @AppleSupport That only switch to the app.  I may have multiple app windows open but some minimized.  How do I switch one of the minimized app window?
AppleSupport: @374323 In this situation, you would need to click on the minimized app window.
Customer: @AppleSupport 😞👎 but thank you",17,MACBOOK_GENERAL_ISSUE,"All conversations involve customers reporting unspecified technical problems or malfunctions with their Mac or MacBook devices, prompting support to request further details via DM."
329,"Customer: Hey @AppleSupport @115858 I️ keep getting this message when trying to update...I’m connected to the internet...suggestions? https://t.co/zeR557eaSR
AppleSupport: @603375 The steps in this article can help with this https://t.co/Ui1yTnOCUz please DM us if the issue persists. https://t.co/GDrqU22YpT",10,IOS_UPDATE_PROBLEM,"All customers are reporting issues, bugs, or dissatisfaction specifically related to recent iOS software updates on their devices."
330,"Customer: @AppleSupport Thanks for repairing my iPhone 7 Plus and then proceeding to send me someone else iPhone 6s....I love a downgrade...
#applenews #appleinternal #messedup #fails
AppleSupport: @693681 We can certainly understand and want to look in to this replacement issue with you. Please DM us about this and we'll continue there. https://t.co/GDrqU22YpT
Customer: @AppleSupport DM'd but i have no problem with the public seeing that you get it wrong too.
Customer: @AppleSupport Dm'd and awaiting
Customer: @AppleSupport Still waiting....I’m using whoever’s phone you sent me now and it’s still broken too #wontfixcantfix
AppleSupport: @693681 We received your DM, and would like to continue our conversation there.
Customer: @AppleSupport So how are we fixing this issue. I’m now using some random persons phone which also apppears not to be fixed to reply here
Customer: @AppleSupport Why was I not promised a replacement correct unit immediately! Now I’d like an upgrade for the hassle",1,IPHONE_HARDWARE_FAILURE,"Customers are reporting that their iPhones are not working, have crashed, or have hardware defects, and are requesting repairs, replacements, or refunds."
331,"Customer: @AppleSupport @115858
AppleSupport: @293104 We want to make sure you are getting the most out of your battery.  Which exact iOS version are you running now?
Customer: @AppleSupport  https://t.co/T1b7uVp7dK
AppleSupport: @293104 Great. Let's move over to DM. You can join us using this link: https://t.co/GDrqU22YpT",3,IOS_11_BATTERY_DRAIN,"All customers report significant battery life degradation or rapid draining specifically after updating to iOS 11, requesting a fix or troubleshooting assistance."
332,"Customer: So, 

#ios11 made my 6s useless. Screen freezes, apps dont respond, everything is very slow. 

Thank you guys great work @115858 
@AppleSupport
AppleSupport: @568320 We're here for you. When this happens, does a force restart help, as shown here?  https://t.co/8MvHMFZ83h Let us know in DM: https://t.co/GDrqU22YpT
Customer: @AppleSupport @568320 same here. literally turned the machine to a brick.
Customer: @AppleSupport @568320 how many force restarts a day is OK user experience? asking for a friend.",5,IOS_11_FREEZE_PROBLEM,"All customers report that their iPhones are freezing, crashing, or becoming unresponsive specifically after updating to iOS 11."
333,"Customer: @AppleSupport the new update keeps crashing my phone 🙃
AppleSupport: @150595 That is certainly not the experience we want you to have. Which iPhone do you own?
Customer: @AppleSupport iPhone 7
AppleSupport: @150595 Which version of iOS 11 is your device currently running?
Customer: @AppleSupport iOS 11.1.2
AppleSupport: @150595 OK. Meet us DM and let us know if you have already done any troubleshooting on your own. https://t.co/GDrqU22YpT",5,IOS_11_FREEZE_PROBLEM,"All customers report that their iPhones are freezing, crashing, or becoming unresponsive specifically after updating to iOS 11."
334,"Customer: @AppleSupport I asked for a refund of a book like around March or April I guess I never got it the $ I just opened up iBooks and it’s there?
Customer: @AppleSupport Would I still be able to have a refund. I never went on iBook till now to start reading again?
AppleSupport: @382614 Let's help get you into the right hands. Please reach out to us via: https://t.co/SDIe7UiyJN and we can help take a closer look.",8,REQUEST_HUMAN_CONTACT,"Customers are primarily seeking direct communication channels, such as phone numbers or emails, to speak with a representative or escalate their issues."
335,"Customer: Hi I️ need someone to personally fix my phone bc I️ can’t type the letter between H and J anymore @AppleSupport
AppleSupport: @495570 Thank you for reaching out to us. We have just the right article for you: https://t.co/gKAEL4wRnw",15,KEYBOARD_TYPING_GLITCH,Customers are reporting a specific bug where typing the letter 'I' results in incorrect characters or formatting issues on their devices.
336,"Customer: @AppleSupport does my MacBook Pro Thunderbolt 3 output provide enough wattage for fast charging with my iPhone X?
AppleSupport: @416431 Thank you for reaching out to us. Take a look this article on how to take advantage of the fast charging feature on your iPhone X: https://t.co/M0KamLrtwG
Customer: @AppleSupport That doesn’t answer my question in any way...
AppleSupport: @416431 Your iPhone X can be fast charged with an Apple 29W, 61W, or 87W USB-C Power Adapter or a third-party USB-C power adapter with USB-PD. While it would not be expected for a computer's USB port to fast charge, your MacBook Pro's charger can be used!",1,IPHONE_HARDWARE_FAILURE,"Customers are reporting that their iPhones are not working, have crashed, or have hardware defects, and are requesting repairs, replacements, or refunds."
337,"Customer: why did my entire camera roll just randomly completely clear then restore? and why is a vid from june is the most recent item? @AppleSupport https://t.co/aTvndqZau0
AppleSupport: @211517 Do you use the iCloud Photo Library? Let us know via DM, then we can work with you on this from there. https://t.co/GDrqU22YpT",7,PHOTOS_DISAPPEARED,"Customers are reporting that their photos have vanished, are missing, or are not loading from their device's camera roll or photo library."
338,AppleSupport: @473724 Let us look into this with you. Join us in DM so we can better assist you: https://t.co/GDrqU22YpT,4,INITIAL_SUPPORT_INQUIRY,All conversations consist of automated responses acknowledging a customer's initial public contact and directing them to private direct messages for further assistance.
339,AppleSupport: @607801 We are here for you. Let's take a look at this further for you. Reach out to us in DM. https://t.co/GDrqU2kzhr,4,INITIAL_SUPPORT_INQUIRY,All conversations consist of automated responses acknowledging a customer's initial public contact and directing them to private direct messages for further assistance.
340,"Customer: @AppleSupport i just reserved the iphone X and have screenshots to prove it but my account is now saying no reservations. help
AppleSupport: @431454 Our online store team is ready to help check into this with you. You can reach them here: https://t.co/8yjRd1Xo0i",1,IPHONE_HARDWARE_FAILURE,"Customers are reporting that their iPhones are not working, have crashed, or have hardware defects, and are requesting repairs, replacements, or refunds."
341,"Customer: @AppleSupport My Watch hasn’t been syncing with the activity app 😩 https://t.co/KCLeMZOsSF
AppleSupport: @321558 Hi, have you tried restarting your Apple Watch yet? If not, let's give that a try. Let us know how it goes, please.
Customer: @AppleSupport It won’t turn back on. I get the logo then nothing.
AppleSupport: @321558 When you put it on the charger what icons are you seeing?
Customer: @AppleSupport It’s back. Still doesn’t seem to be syncing with app although it’s registering on watch. https://t.co/v9bmrwVvzE
Customer: @AppleSupport  https://t.co/z1CcXCSVY5
AppleSupport: @321558 Let's give it 24 hours to sync with your iPhone and see what happens. Let us know either way via DM. https://t.co/GDrqU22YpT
Customer: @AppleSupport Okay...",16,APPLE_WATCH_ISSUE,"All conversations involve customers reporting specific technical problems, bugs, or malfunctions with their Apple Watch devices and seeking assistance to resolve them."
342,AppleSupport: @476667 Let's work on this together. DM us and we'll continue there. https://t.co/GDrqU22YpT,4,INITIAL_SUPPORT_INQUIRY,All conversations consist of automated responses acknowledging a customer's initial public contact and directing them to private direct messages for further assistance.
343,"AppleSupport: @460808 We're here to help. What version of iOS are you currently running? Let us know in DM. https://t.co/GDrqU22YpT
Customer: @AppleSupport hold up sorry for the very late response but its ios 10
AppleSupport: @460808 Thanks for letting us know. Let's continue our conversation in DM. https://t.co/GDrqU22YpT",18,IOS_VERSION_INQUIRY,All conversations involve support agents requesting the customer's current iOS version and device model to begin troubleshooting.
344,"Customer: Why does my phone keep doing this @AppleSupport @115858 ?!? https://t.co/BawTfI13ys
AppleSupport: @449307 We'd like to take a look into this. DM us which iOS version your iPhone is running to begin. https://t.co/GDrqU22YpT
Customer: @AppleSupport @449307 Wtf me tooo!!!!!",13,IPHONE_GENERAL_ISSUE,"All conversations involve customers reporting unspecified problems with their iPhones, prompting support to request general details like device model and iOS version to diagnose the issue."
345,"Customer: My iphone keep restarting and I’m trying to type up my work @applesupport !! It’s frustrating me 😡
AppleSupport: @253834 Let's help. For help against this behavior, check out: https://t.co/osZOKKTalm 

DM us any questions. https://t.co/GDrqU22YpT",13,IPHONE_GENERAL_ISSUE,"All conversations involve customers reporting unspecified problems with their iPhones, prompting support to request general details like device model and iOS version to diagnose the issue."
346,"Customer: man i don’t care about theses emojis. fix my “i” &amp; “it” in my keyboard! @AppleSupport
AppleSupport: @449737 We can help! Which version of iOS are you currently running? You can check in Settings &gt; General &gt; About &gt; Version.
Customer: @AppleSupport 11.1
AppleSupport: @449737 Looks like we're up-to-date. Please DM us the country you're in so we can better assist you. https://t.co/GDrqU22YpT",15,KEYBOARD_TYPING_GLITCH,Customers are reporting a specific bug where typing the letter 'I' results in incorrect characters or formatting issues on their devices.
347,"Customer: @AppleSupport can’t find my subscription button in my account settings. Help! 😵
AppleSupport: @237821 We can help with this. Can you tell us what device you're using and the type of subscription you're looking for?
Customer: @AppleSupport Iphone7+ I am tryin to manage subscription but I dont have the manage button. 😫
AppleSupport: @237821 We have a guide for managing subscriptions you can see here: https://t.co/YKDbvueXrq Let us know if we can help further.
Customer: @AppleSupport I cant find the MANAGE SUBSCRIPTION. See screenshot. I only have manage itunes and special offers. https://t.co/nGWgRVoEVE
AppleSupport: @237821 We see what you mean. In this case, we'd suggest contacting Spotify directly to see about ending your subscription.
Customer: @AppleSupport Got it. But what about other subscription? Should my setting have that MANAGE SUBSCRIPTION button?
Customer: @237821 @AppleSupport Hello, sorry for my interference. But did they help you with this? Because I am facing the same exact problem. I sent a message to Apple Support on Twitter but no one seems to reply.
Customer: @237822 @AppleSupport They didn’t. Not even sure if thats an option for iphone7+ users. I went to the spotify website to manage my subscription instead.",8,REQUEST_HUMAN_CONTACT,"Customers are primarily seeking direct communication channels, such as phone numbers or emails, to speak with a representative or escalate their issues."
348,"AppleSupport: @465356 Let us help look into this with you. Which iPhone are you using? Which version of iOS do you have installed? Let us know in DM. https://t.co/GDrqU22YpT
Customer: @AppleSupport why y'all acting brand new https://t.co/kfZ3djR8R8",13,IPHONE_GENERAL_ISSUE,"All conversations involve customers reporting unspecified problems with their iPhones, prompting support to request general details like device model and iOS version to diagnose the issue."
349,"Customer: @AppleSupport  Dear team, after update my iPhone 6 Plus its hang in the Apple logo screen.
AppleSupport: @118834 Don't worry, we've got you covered!  Check out the steps listed here: https://t.co/H7w57rsYVQ
Customer: @AppleSupport Thanks",1,IPHONE_HARDWARE_FAILURE,"Customers are reporting that their iPhones are not working, have crashed, or have hardware defects, and are requesting repairs, replacements, or refunds."
350,"Customer: @AppleSupport I write a lot on my iPhone. Where did the little arrows on the right/ comma and period go in this new keyboard? https://t.co/s2X7GJZKwa
AppleSupport: @283747 We can help. When tapping the ''123'' key, you'll find the puncuation keys.",15,KEYBOARD_TYPING_GLITCH,Customers are reporting a specific bug where typing the letter 'I' results in incorrect characters or formatting issues on their devices.
351,"Customer: I’ve tried everything. How do I remedy this- I️t ? @AppleSupport https://t.co/s9h36Gv7gF
AppleSupport: @142757 Here’s what you can do to work around the issue until it’s fixed in a future software update: https://t.co/xXaXeeSRt9",2,SOFTWARE_BUG_WORKAROUND,Customers are seeking temporary solutions for known software issues that are scheduled to be fixed in future updates.
352,"Customer: The way ios11 ruined my whole iphone 6 is sensational. @AppleSupport fix this mess
AppleSupport: @406070 We absolutely want to help get your iPhone working again. Which version of iOS 11 is currently installed on your iPhone?
Customer: @AppleSupport The latest one 11.0.03. Battery drains, my phone restarts everytime out of no where and it glitches EVERY TIME
Customer: @AppleSupport *11.0.3
AppleSupport: @406070 Perfect, thanks! Go ahead &amp; reach out to us in DM &amp; we'll be happy to follow up with you there to resolve this. https://t.co/GDrqU22YpT",5,IOS_11_FREEZE_PROBLEM,"All customers report that their iPhones are freezing, crashing, or becoming unresponsive specifically after updating to iOS 11."
353,"Customer: @AppleSupport it’s weird that I can not switch of the Bluetooth form the icon panel. It stays disconnected but still on. Is it a bug?
AppleSupport: @311220 Thanks for reaching out to us. Do you experience the same behavior when you disconnect Bluetooth through Settings &gt; Bluetooth?
Customer: @AppleSupport No. From settings menu I can switch off.
AppleSupport: @311220 If that is the case, this is an expected behavior. Check out: https://t.co/G7BHuQnDS6 for a full explanation.",14,IOS_11_WIFI_BEHAVIOR,Customers are reporting that Wi-Fi and Bluetooth automatically reconnect or turn back on after being disabled in the Control Center following the iOS 11 update.
354,"Customer: @AppleSupport what the hell is going on with the new update?!? It’s draining my battery so bad!! Please sort this soon!!!!!!!!!!!!
AppleSupport: @530450 We'd love to help. What device are you using? Is your device up to date? Let us know to continue.
Customer: @AppleSupport Yes, hence problems with the new update! iPhone 6s.  Are u releasing an update to sort battery problems as it seems a massive issue?
AppleSupport: @530450 We want to look further into this issue. Reach us via DM to continue. https://t.co/GDrqU22YpT",3,IOS_11_BATTERY_DRAIN,"All customers report significant battery life degradation or rapid draining specifically after updating to iOS 11, requesting a fix or troubleshooting assistance."
355,AppleSupport: @692552 Let’s work together on this behavior. Does that still persist after updating your device? https://t.co/80YRnjDFDk Let us know via a DM. We’ll keep moving from there. https://t.co/GDrqU22YpT,2,SOFTWARE_BUG_WORKAROUND,Customers are seeking temporary solutions for known software issues that are scheduled to be fixed in future updates.
356,"Customer: @AppleSupport this is by far the worst update y’all have ever done😩😭😭 my phone is ruined
AppleSupport: @185070 We want to do all we can to make sure your phone is working at its best. Have you updated to 11.0.2?
Customer: @AppleSupport Of everything
AppleSupport: @185070 We want to help you enjoy your new iPhone. DM us which version of iOS you're using in Settings &gt; General &gt; About: https://t.co/GDrqU22YpT",13,IPHONE_GENERAL_ISSUE,"All conversations involve customers reporting unspecified problems with their iPhones, prompting support to request general details like device model and iOS version to diagnose the issue."
357,"Customer: @AppleSupport I've updated and battery drains fast and iPhone 6 slow. Now it is dead and won't charge. Just shows as charging but never does
AppleSupport: @553917 We'll do everything we can to get your device powered back on. Check out: https://t.co/uqxquyfdn0 DM us here for more: https://t.co/GDrqU22YpT
Customer: @AppleSupport I've got it working. It turns out I had to hard reset for more than 30 seconds due to software failure. It's started to charge now
AppleSupport: @553917 We are happy to hear the iPhone turned back on. If you want additional help on the battery life concerns, please DM us: https://t.co/GDrqU22YpT",3,IOS_11_BATTERY_DRAIN,"All customers report significant battery life degradation or rapid draining specifically after updating to iOS 11, requesting a fix or troubleshooting assistance."
358,"Customer: Hi @AppleSupport why does the auto timed lock work on iPhone 8+ running 10.0.3   It's enabled to 30s, display never goes off or locks. Thx
AppleSupport: @357261 Help is here! Just to confirm, are you running 10.0.3 or 11.0.3? Do other time settings work, like 1 minute?
Customer: @AppleSupport Oops 11.0.3. Chunky fingers syndrome......
Customer: @AppleSupport No, unless you manually lock the display stays lit on any timed setting. On charge or not.
AppleSupport: @357261 Got it. How long has this been happening? Does that still persist after a restart? Let us know via a DM. We’ll go from there. https://t.co/GDrqU22YpT
Customer: @AppleSupport Only really noticed since a recent updates.  It's killing the battery, if you forget to manually turn off/lock the #iPhone8  puzzled why. ☹️
AppleSupport: @357261 Alright. Let’s keep working together on this particular situation via a Direct Message. Use the following link: https://t.co/GDrqU22YpT
Customer: @AppleSupport Ok, a restart didn't cure it, a hard restart seems to have sorted it for now. If I hard restart daily the auto lock works . #iPhone8 #iOS11
AppleSupport: @357261 Thanks for the info! Do you notice the screen doesn't turn off when you're using a specific app? Please DM your answer. https://t.co/GDrqU22YpT",3,IOS_11_BATTERY_DRAIN,"All customers report significant battery life degradation or rapid draining specifically after updating to iOS 11, requesting a fix or troubleshooting assistance."
359,"Customer: @AppleSupport My mac has been on this now for the past 15 minutes. This can’t be normal. https://t.co/zHVcPOyvLX
AppleSupport: @652425 We're here to assist. Has the progress bar or estimated time remaining changed, or is frozen at a quarter of the way and about 43 minutes remaining?",17,MACBOOK_GENERAL_ISSUE,"All conversations involve customers reporting unspecified technical problems or malfunctions with their Mac or MacBook devices, prompting support to request further details via DM."
360,"Customer: @AppleSupport @115858 why does my phone continue to change the letter “i” to this character “⍰”? Even after the update? https://t.co/93vzL32pCl
AppleSupport: @707821 This is not the experience we'd expect you to have.  Reach out to us via DM and we'll continue from there. https://t.co/GDrqU22YpT",15,KEYBOARD_TYPING_GLITCH,Customers are reporting a specific bug where typing the letter 'I' results in incorrect characters or formatting issues on their devices.
361,"Customer: @AppleSupport When are you planning to fix the battery issue! 😤😡
AppleSupport: @187121 We're happy to look into this for you. Can you please tell us which iOS version you are currently on?
Customer: @AppleSupport 11.0.2
AppleSupport: @187121 We'd like to look into your battery in detail. Let's chat over in Direct Message to gather the info we need. https://t.co/GDrqU22YpT",3,IOS_11_BATTERY_DRAIN,"All customers report significant battery life degradation or rapid draining specifically after updating to iOS 11, requesting a fix or troubleshooting assistance."
362,"Customer: @115858 @AppleSupport poor app response and phone is slow since iOS
11. Can see I’m not the only one. Support?
AppleSupport: @535145 We'd be happy to help with this. Can you DM us the model and exact version of iOS 11 you are running? https://t.co/GDrqU22YpT",5,IOS_11_FREEZE_PROBLEM,"All customers report that their iPhones are freezing, crashing, or becoming unresponsive specifically after updating to iOS 11."
363,"Customer: @applesupport IOS 11.1 Compass showing wrong directions. Has Apple removed their testing team &amp; releasing faulty OS ??
AppleSupport: @125415 We'd like to look into this with you. Can you give us examples of what the compass is doing?
Customer: @AppleSupport Directions were just opposite. East was showing west. North was showing south
AppleSupport: @125415 If you restart the iPhone, does it correct the directions, even temporarily?
Customer: @AppleSupport Yes, it corrects temporarily
AppleSupport: @125415 Do you notice using any particular app causes the compass to become incorrect again?",9,IOS_11_BUG_REPORT,"Customers are reporting specific issues with iOS 11, and support agents are verifying the exact software version to determine if a recent update resolves the problem."
364,"Customer: Annoying the #iOS update 11.0.3 is draining the battery life faster than ever. It’snt #cool @115858 @AppleSupport was good on iOS10
AppleSupport: @375680 Hey, we can help with the battery life. Have you tried the suggestions here?: https://t.co/bivpdfBNJ6
Customer: @AppleSupport @AppleSupport none of these works for my iphone 7 plus. Regret the purchase.
AppleSupport: @375680 Thanks for confirming. DM us the country you're located in and we'll continue to look into this. https://t.co/GDrqU22YpT",3,IOS_11_BATTERY_DRAIN,"All customers report significant battery life degradation or rapid draining specifically after updating to iOS 11, requesting a fix or troubleshooting assistance."
365,"Customer: Fucking hate siri half the time it doesn’t work and I had my volume on silent but it still starts screaming that night shift has been turned on when my parents are sleeping like sort your assistant out @115858 @AppleSupport
AppleSupport: @751610 We'd like to help with finding a solution with Siri. What iOS version are you on?
Customer: @AppleSupport 11.0.2
AppleSupport: @751610 Do you have a current backup?
Customer: @AppleSupport I have not
AppleSupport: @751610 Thanks. In that case, let's ensure we're on the same page. Please let us know in detail exactly what occurred when Siri announced Night Shift. Did you use Siri to activate Night Shift?
Customer: @AppleSupport Yeah I said Siri turn on night shift when I had my volume off and then it announced night shift on when I thought it wasn’t meant to
AppleSupport: @751610 Thanks for clarifying. When invoking Siri, you'll hear voice feedback by default, even if the Ringer/Silent Switch is on or Do Not Disturb mode is enabled. We certainly appreciate your feedback on this. Here’s a link to submit your feedback: https://t.co/eTPVYVFyd8
Customer: @AppleSupport That’s one of the most dumb things I’ve ever heard. Do not disturb and SILENT and Siri still talks wtf
AppleSupport: @751610 It's possible to adjust Siri's volume by pressing the volume buttons on the side when the Siri assistant is on screen. Here's a guide with more information: https://t.co/lX49TJQaTL",0,MESSAGE_NOTIFICATION_PROBLEM,"Customers are reporting issues with receiving or displaying notifications for text messages and other apps, often citing specific iOS versions as the cause."
366,"Customer: The screen on my Iphone 8 just went black.. three days away from my sons 2nd B-day. GREAT. @115858 @AppleSupport
AppleSupport: @134507 This is not the normal. Let's look into this with you in DM here: https://t.co/GDrqU22YpT",1,IPHONE_HARDWARE_FAILURE,"Customers are reporting that their iPhones are not working, have crashed, or have hardware defects, and are requesting repairs, replacements, or refunds."
367,"Customer: @AppleSupport 2/2 had passwords saved in a now unusable app so I’ll have to reset everything.  New phone in Dec. Samsung!!!!!!!
AppleSupport: @275505 Before erasing your device, have you been able to work through the steps here? https://t.co/fUZ0NRJxcn
Customer: @AppleSupport You know that doesn’t work. I know that doesn’t work. There’s a whole load of people who know it doesn’t work so why bother with false hope
Customer: @AppleSupport Yes I have - thnx. The app is no longer supported or appears within the App Store.  You should have made clear pre update 1/2
Customer: @AppleSupport 2/2 that apps in need of update or are causing phone to run slowly may not work after IOS update. This is constructive feedback for you
AppleSupport: @275505 We understand where you're coming from. You can request the app to come back here: https://t.co/vcSzj5tstI",10,IOS_UPDATE_PROBLEM,"All customers are reporting issues, bugs, or dissatisfaction specifically related to recent iOS software updates on their devices."
368,"Customer: Yo why my laptop still ain’t ship it been 5 days 🤦🏿‍♂️ @AppleSupport
AppleSupport: @184889 Is this for a purchase or a repair? Let us know in Direct Message so we can help out. https://t.co/GDrqU22YpT",8,REQUEST_HUMAN_CONTACT,"Customers are primarily seeking direct communication channels, such as phone numbers or emails, to speak with a representative or escalate their issues."
369,"Customer: Looking at my tweets and @AppleSupport y’all need to fix this glitch, this letter “i” is getting old... damn shit so irking!!!
AppleSupport: @144680 Great news! iOS 11.1.2 was recently released and it includes a fix for autocorrect issues. Be sure to back up your device prior to updating, and let us know if the issue persists afterwards. How to back up: https://t.co/4f8hwT5to6",11,IOS_AUTOCORRECT_BUG,"Customers are reporting a specific issue where the letter 'I' is incorrectly autocorrected or displayed, and support confirms that iOS 11.1.1 contains the fix for this autocorrect problem."
370,"Customer: @AppleSupport @115858 so why should I download this if I don’t have an X? https://t.co/JLBtkqhnxa
AppleSupport: @771554 Great question! We're happy to answer. While the highlights of the updates are provided in the overview, it is not an exhaustive list of all fixes that will be included in an iOS update. Keeping your device up-to-date will ensure the best performance and security.",10,IOS_UPDATE_PROBLEM,"All customers are reporting issues, bugs, or dissatisfaction specifically related to recent iOS software updates on their devices."
371,AppleSupport: @531957 Here’s what you can do to work around the issue until it’s fixed in a future software update: https://t.co/xXaXeeSRt9,2,SOFTWARE_BUG_WORKAROUND,Customers are seeking temporary solutions for known software issues that are scheduled to be fixed in future updates.
372,"Customer: @AppleSupport #ios11update has made my iPhone 7 almost unusable. How can I go back to the previous iOS version? Not happy
AppleSupport: @615946 We want you to be happy with iOS 11. Let's work on this together in DM. Let us know in detail what's going on with your iPhone. https://t.co/GDrqU22YpT",10,IOS_UPDATE_PROBLEM,"All customers are reporting issues, bugs, or dissatisfaction specifically related to recent iOS software updates on their devices."
373,"Customer: @AppleSupport I’m trying to recording the screen but the audio doesn’t work. Why?
AppleSupport: @765679 We are here to help. DM us your iOS version and we can take a look at this. https://t.co/GDrqU22YpT",12,APPLE_MUSIC_PROBLEM,"All conversations involve customers reporting that the Apple Music service or app is not functioning correctly, prompting support to investigate specific technical issues."
374,"Customer: @AppleSupport y’all need to fix that damn “i.t” bug
AppleSupport: @809263 We can help you fix this. First, can you tell us which iOS version you are currently using please?
Customer: @AppleSupport ios 11.1.2
AppleSupport: @809263 Okay. Now please join us in DM so we can further assist you with this: https://t.co/GDrqU22YpT",9,IOS_11_BUG_REPORT,"Customers are reporting specific issues with iOS 11, and support agents are verifying the exact software version to determine if a recent update resolves the problem."
375,"Customer: iOS 11.1 fixed my battery life. iOS 11.1.1 destroyed it again. Anyone else? @AppleSupport
AppleSupport: @708733 We'd like to look into this with you. Could you join us in DM to get started? https://t.co/GDrqU22YpT
Customer: @AppleSupport @708733 No need for DMs. We all need to hear the solution cos we all have same issues
Customer: @AppleSupport 11.1.2 seems to have helped...
AppleSupport: @708733 That's great news.  Let us know if you need any further assistance.",3,IOS_11_BATTERY_DRAIN,"All customers report significant battery life degradation or rapid draining specifically after updating to iOS 11, requesting a fix or troubleshooting assistance."
376,"Customer: @115858 @AppleSupport you need to fix your new ios update...the home screen with time and date constantly disappears...even after reboots https://t.co/PhbEzZ7bvB
AppleSupport: @303102 Thanks for reaching out. We'd be happy to help. Are you currently running iOS 11.0.3?
Customer: @AppleSupport Yes I am
AppleSupport: @303102 Let's move to DM for a closer look. What country are you located in? https://t.co/GDrqU22YpT
Customer: @AppleSupport @303102 India
Customer: @AppleSupport @303102 I am facing issue while connecting con call, while searching for contacts",10,IOS_UPDATE_PROBLEM,"All customers are reporting issues, bugs, or dissatisfaction specifically related to recent iOS software updates on their devices."
377,"Customer: @AppleSupport @115858 new phone paid a bomb ,it hangs ,apps don’t work .please revert . @3451 not working in some message,at times it works https://t.co/iTQmbH0eQu
Customer: @AppleSupport @115858 @3451 Again not working https://t.co/uHJWy0SxUV
AppleSupport: @152733 Thank you for reaching out to us today. We want to help you with your new iPhone. Please send us a DM. https://t.co/GDrqU22YpT
Customer: @AppleSupport I already have
Customer: @AppleSupport May be my handset is faulty
Customer: @AppleSupport See it hangs
App doesn’t work https://t.co/feeUkDdJvI",1,IPHONE_HARDWARE_FAILURE,"Customers are reporting that their iPhones are not working, have crashed, or have hardware defects, and are requesting repairs, replacements, or refunds."
378,"Customer: No entiendo por qué tengo que actualizar mi teléfono si son actualizaciones para el #iPhoneX. y ahora mi #iPhone7 cambia las pantallas, queda pegado, no reacciona al tacto en ocasiones. Focalizen las actualizaciones. @115858 @AppleSupport #Apple Quedo atento a la solución
AppleSupport: @231117 We offer support via Twitter in English. Get help in Spanish here: https://t.co/IBIY3vMgPj or join https://t.co/OczyRx7IOs",6,REQUEST_HUMAN_SUPPORT,"Customers are explicitly asking for help, contact, or assistance from a human agent, often expressing frustration with automated responses or seeking to escalate their issue."
379,"Customer: iOS 11.0.2 is causing lot of issues - Early battery drain, freezing the phone, affected mobile data etc.
Fix ASAP @AppleSupport @115858
AppleSupport: @187278 We can help. Which device are you experiencing this issue with? Are there any steps you've already tried?
Customer: @AppleSupport Yes, removed unnecessary apps and locations are off in background. I’m using iPhone 6S
AppleSupport: @187278 Thanks! Next, look at this link with info on how to maximize your battery: https://t.co/bivpdfBNJ6 
DM if you need more help. https://t.co/GDrqU22YpT
Customer: @AppleSupport @115858 @AppleSupport @115858 It's really disappointing that my case was closed without informing me while my iPhone ain't working from two weeks now
AppleSupport: @187278 We're happy to look into this with you. Please join us in DM to get started. https://t.co/GDrqU22YpT
Customer: @AppleSupport Responded in DM. Expecting quick response &amp; resolution to my queries. It's not even 1 year to iPhone6S &amp; doesn't work with so many problems.
AppleSupport: @187278 We see the DM message and will be responding there shortly.
Customer: @AppleSupport Kindly fasten the process!",3,IOS_11_BATTERY_DRAIN,"All customers report significant battery life degradation or rapid draining specifically after updating to iOS 11, requesting a fix or troubleshooting assistance."
380,"Customer: iOS tells me that I have 27 GB free while it is also giving me a “Storage Full” alert. Which one is it @115858? 
CC: @AppleSupport
Customer: @115858 @AppleSupport Sorry, 17 GB.
AppleSupport: @209779 We'd be happy to look into this with you!  To begin, can you tell us exactly what the error message says?
AppleSupport: @209779 We'd like to help! Send us a DM with the country that you are located in to continue. https://t.co/GDrqU22YpT",8,REQUEST_HUMAN_CONTACT,"Customers are primarily seeking direct communication channels, such as phone numbers or emails, to speak with a representative or escalate their issues."
381,"Customer: @AppleSupport hi. A load of my downloaded music on my iPhone has gone and now has a cloud icon next to it. Why would this happen?
AppleSupport: @405870 Thanks for reaching out to us. Have you recently signed out of the Music App? Have you recently completed an update or restore?
Customer: @AppleSupport No. No. No
AppleSupport: @405870 
We'd like to gather some more information for better troubleshooting. Can you DM us the country you are located in? https://t.co/GDrqU22YpT",12,APPLE_MUSIC_PROBLEM,"All conversations involve customers reporting that the Apple Music service or app is not functioning correctly, prompting support to investigate specific technical issues."
382,"Customer: @AppleSupport why my photos not backing up ?
AppleSupport: @326973 We know how important it is to back up your photos. We'll help. Which device are you using? Do you usually back up to iCloud?
Customer: @AppleSupport Yes I do &amp; I have an iPhone 8 I just got it today !
AppleSupport: @326973 Let's go ahead and back up your data following this information: https://t.co/4f8hwT5to6
Customer: @AppleSupport I tried it that way it’s not working
AppleSupport: @326973 Let's look into this further. DM us any errors you're seeing when you try backing up and we'll continue there. https://t.co/GDrqU22YpT",7,PHOTOS_DISAPPEARED,"Customers are reporting that their photos have vanished, are missing, or are not loading from their device's camera roll or photo library."
383,"AppleSupport: @502079 Here’s what you can do to work around the issue until it’s fixed in a future software update: https://t.co/xXaXeeSRt9
Customer: @AppleSupport Thank you 😁
AppleSupport: @502079 You're quite welcome. Let us know if we can be of assistance in the future. Take care.",2,SOFTWARE_BUG_WORKAROUND,Customers are seeking temporary solutions for known software issues that are scheduled to be fixed in future updates.
384,"Customer: @AppleSupport customer service has turned for the worse. This service is HORRIBLE! Can’t resolve a fucking issue the first fucking time.
Customer: @AppleSupport And this is the 6th or 7th call I make. Get your fucking heads out of your asses!!!!
AppleSupport: @606730 We'd like to hear more about your experience. Please meet us in DM so we may gather information, and better assist. https://t.co/GDrqU22YpT",8,REQUEST_HUMAN_CONTACT,"Customers are primarily seeking direct communication channels, such as phone numbers or emails, to speak with a representative or escalate their issues."
385,"Customer: my phone was at 75% when i unplugged it 5 minutes ago and now its dead @AppleSupport explain
AppleSupport: @340664 We're here to help. Which model iPhone and which iOS version is it running? DM us these details and we'll get started. https://t.co/GDrqU22YpT",1,IPHONE_HARDWARE_FAILURE,"Customers are reporting that their iPhones are not working, have crashed, or have hardware defects, and are requesting repairs, replacements, or refunds."
386,AppleSupport: @423456 We are here for you. Let's take a look at this further for you. Reach out to us in DM. https://t.co/GDrqU2kzhr,4,INITIAL_SUPPORT_INQUIRY,All conversations consist of automated responses acknowledging a customer's initial public contact and directing them to private direct messages for further assistance.
387,"Customer: @156471 @AppleSupport my Pentium  1 PC used to hang less then my iphone does now after installing iOS 11 . What a waste of update ..!
AppleSupport: @172874 We're here for you. Does the issue feel like it's with every app or specific to a few? What do you try when this happens?
Customer: @AppleSupport It is with every app ..! I trying going to home screen or try to pock the phone . But nothing works ..!
AppleSupport: @172874 In order to get it working again, do you have to force it to restart? If not, what do you try if unlocking doesn't work?
Customer: @AppleSupport I just press the lock button and wait for couple of minutes to let the phone to come to its senses ..!
AppleSupport: @172874 Can you tell us if the iPhone is up to date at this time? We released 11.0.2.
Customer: @AppleSupport Yes it is",5,IOS_11_FREEZE_PROBLEM,"All customers report that their iPhones are freezing, crashing, or becoming unresponsive specifically after updating to iOS 11."
388,"AppleSupport: @514844 We'd like to know more about what's happening to see how we can help. Also, which model do you have; and any steps tried so far?",19,GENERAL_ISSUE_INQUIRY,All conversations consist of Apple Support requesting more details via DM to address an unspecified issue reported by the customer.
389,"AppleSupport: @389330 That's unexpected, but we want to help! Which iPhone model do you have and what version of iOS is installed currently?
Customer: @AppleSupport It’s an iPhone 6S and it was the iOS 11.03 update, never had the issue before, I’ve tried restarting the phone and this has not helped
AppleSupport: @389330 When did you update your iPhone to iOS 11.0.3? Let us know in DM. https://t.co/GDrqU22YpT",9,IOS_11_BUG_REPORT,"Customers are reporting specific issues with iOS 11, and support agents are verifying the exact software version to determine if a recent update resolves the problem."
